EMPRESA BRASILEIRA DE SERVIÇOS HOSPITALARES - EBSERH;;;;;;;;;
HOSPITAL UNIVERSITÁRIO DA UNIVERSIDADE FEDERAL DO MARANHÃO - HU-UFMA;;;;;;;;;
;;;;;;;;;
MOVIMENTAÇÃO FINANCEIRA;;;;;;;;;
ATUALIZADO ATÉ: NOVEMBRO/2020;;;;;;;;;
;;;;;;;;;
MÊS;DATA DE RECEBIMENTO;CÓDIGO UG EMITENTE;DESCRIÇÃO DA UG EMITENTE;CATEGORIA DO GASTO;PROGRAMAÇÃO FINANCEIRA;VINCULAÇÃO DO PAGAMENTO;CÓDIGO DA FONTE DO RECURSO;OBSERVAÇÃO;VALOR
JAN;16/01/2020;155007;EMPRESA BRASILEIRA DE SERVICOS HOSPITALARES;OUTRAS DESPESAS CORRENTES;155007264432020PF000039;PAG.DE DESPESA OBRIGATORIA- RESUL.PRIM=1;6153000400;REPASSE FINANCEIRO CONFORME APURACAO EM 15.01.2020 - FAEC     - PARCELA E COMP. 11/2019;R$ 428.561,34
JAN;16/01/2020;155007;EMPRESA BRASILEIRA DE SERVICOS HOSPITALARES;OUTRAS DESPESAS CORRENTES;155007264432020PF000048;CUSTEIO/INVESTIMENTO - RESUL.PRIM = 2;8100915002;REPASSE FINANCEIRO REFERENTE A OCC EBSERH CONFORME APURACAO EM 15.01.20.;R$ 3.177.883,01
JAN;16/01/2020;155007;EMPRESA BRASILEIRA DE SERVICOS HOSPITALARES;OUTRAS DESPESAS CORRENTES;155007264432020PF000050;CUSTEIO/INVESTIMENTO - RESUL.PRIM = 2;8100915107;REPASSE FINANCEIRO REFERENTE A OCC EBSERH CONFORME APURACAO EM 15.01.20.;R$ 4.244.650,67
JAN;16/01/2020;155007;EMPRESA BRASILEIRA DE SERVICOS HOSPITALARES;INVESTIMENTO;155007264432020PF000052;CUSTEIO/INVESTIMENTO - RESUL.PRIM = 2;8100915107;REPASSE FINANCEIRO REFERENTE A OCC EBSERH CONFORME APURACAO EM 15.01.20.;R$ 1.854.346,50
JAN;23/01/2020;155007;EMPRESA BRASILEIRA DE SERVICOS HOSPITALARES;OUTRAS DESPESAS CORRENTES;155007264432020PF000149;CUSTEIO/INVESTIMENTO - RESUL.PRIM = 2;8100150714;REPASSE FINANCEIRO REFERENTE A OCC EBSERH CONFORME APURACAO EM 22.01.20.;R$ 180,00
JAN;23/01/2020;155007;EMPRESA BRASILEIRA DE SERVICOS HOSPITALARES;OUTRAS DESPESAS CORRENTES;155007264432020PF000150;CUSTEIO/INVESTIMENTO - RESUL.PRIM = 2;8100915002;REPASSE FINANCEIRO REFERENTE A OCC EBSERH CONFORME APURACAO EM 22.01.20.;R$ 1.756,06
JAN;23/01/2020;155007;EMPRESA BRASILEIRA DE SERVICOS HOSPITALARES;OUTRAS DESPESAS CORRENTES;155007264432020PF000151;CUSTEIO/INVESTIMENTO - RESUL.PRIM = 2;8100915107;REPASSE FINANCEIRO REFERENTE A OCC EBSERH CONFORME APURACAO EM 22.01.20.;R$ 180.676,29
JAN;23/01/2020;155007;EMPRESA BRASILEIRA DE SERVICOS HOSPITALARES;OUTRAS DESPESAS CORRENTES;155007264432020PF000205;PAG.DE DESPESA OBRIGATORIA- RESUL.PRIM=1;6300000300;REPASSE FINANCEIRO CONFORME APURACAO EM 22.01.2020 - TETO MAC - PARCELA 12/2019 - COMP. 11/2019;R$ 45.801,10
JAN;23/01/2020;155007;EMPRESA BRASILEIRA DE SERVICOS HOSPITALARES;INVESTIMENTO;155007264432020PF000183;CUSTEIO/INVESTIMENTO - RESUL.PRIM = 2;8100915107; REPASSE FINANCEIRO REFERENTE A OCC EBSERH CONFORME APURACAO EM 22.01.20. ;R$ 625.010,33
JAN;23/01/2020;154041;FUNDACAO UNIVERSIDADE DO MARANHAO;OUTRAS DESPESAS CORRENTES;154041152582020PF000005;CUSTEIO/INVESTIMENTO - RESUL.PRIM = 2;8142261010;TRANSFERENCIA DE RECURSO FINANCEIRO REF. TED Nº 8480 CONFORME SOLICITACAO DAFC;R$ 2.866.716,90
JAN;27/01/2020;155007;EMPRESA BRASILEIRA DE SERVICOS HOSPITALARES;OUTRAS DESPESAS CORRENTES;155007264432020PF000288;PAG.DE DESPESA OBRIGATORIA- RESUL.PRIM=1;6153000300; REPASSE FINANCEIRO CONFORME APURACAO EM 27.01.2020 - TETO MAC - PARCELA 01/2020 - COMP. 12/2019 ;R$ 1.589.314,32
JAN;28/01/2020;155007;EMPRESA BRASILEIRA DE SERVICOS HOSPITALARES;OUTRAS DESPESAS CORRENTES;155007264432020PF000299;PAG.DE DESPESA OBRIGATORIA- RESUL.PRIM=1;6300000300;REPASSE FINANCEIRO CONFORME APURACAO EM 27.01.2020 - TETO MAC - PARCELA 12/2019 - COMP. 11/2019;R$ 106.869,04
JAN;31/01/2020;155007;EMPRESA BRASILEIRA DE SERVICOS HOSPITALARES;OUTRAS DESPESAS CORRENTES;155007264432020PF000322;CUSTEIO/INVESTIMENTO - RESUL.PRIM = 2;8100915002;REPASSE FINANCEIRO REFERENTE A OCC EBSERH CONFORME APURACAO EM 29.01.20.;R$ 4.555,20
JAN;31/01/2020;155007;EMPRESA BRASILEIRA DE SERVICOS HOSPITALARES;OUTRAS DESPESAS CORRENTES;155007264432020PF000323;CUSTEIO/INVESTIMENTO - RESUL.PRIM = 2;8100915107;REPASSE FINANCEIRO REFERENTE A OCC EBSERH CONFORME APURACAO EM 29.01.20.;R$ 44.748,39
JAN;31/01/2020;155007;EMPRESA BRASILEIRA DE SERVICOS HOSPITALARES;OUTRAS DESPESAS CORRENTES;155007264432020PF000423;PAG.DE DESPESA OBRIGATORIA- RESUL.PRIM=1;6153000300; REPASSE FINANCEIRO CONFORME APURACAO EM 30.01.2020 - TETO MAC - PARCELA 01/2020 - COMP. 12/2019 ;R$ 1.992.552,42
JAN;31/01/2020;155007;EMPRESA BRASILEIRA DE SERVICOS HOSPITALARES;OUTRAS DESPESAS CORRENTES;155007264432020PF000424;PAG.DE DESPESA OBRIGATORIA- RESUL.PRIM=1;6300000300;REPASSE FINANCEIRO CONFORME APURACAO EM 30.01.2020 - TETO MAC - PARCELA 12/2019 - COMP. 11/2019;R$ 223.643,00
JAN;31/01/2020;155007;EMPRESA BRASILEIRA DE SERVICOS HOSPITALARES;OUTRAS DESPESAS CORRENTES;155007264432020PF000425;PAG.DE DESPESA OBRIGATORIA- RESUL.PRIM=1;6153000400;REPASSE FINANCEIRO CONFORME APURACAO EM 30.01.2020 - FAEC     - PARCELA E COMP. 11/2019;R$ 91.137,12
JAN;31/01/2020;155007;EMPRESA BRASILEIRA DE SERVICOS HOSPITALARES;OUTRAS DESPESAS CORRENTES;155007264432020PF000426;PAG.DE DESPESA OBRIGATORIA- RESUL.PRIM=1;6153000400;REPASSE FINANCEIRO CONFORME APURACAO EM 30.01.2020 - FAEC     - PARCELA E COMP. 12/2019;R$ 4.917,76
JAN;31/01/2020;155007;EMPRESA BRASILEIRA DE SERVICOS HOSPITALARES;INVESTIMENTO;155007264432020PF000324;CUSTEIO/INVESTIMENTO - RESUL.PRIM = 2;8100915107;REPASSE FINANCEIRO REFERENTE A OCC EBSERH CONFORME APURACAO EM 29.01.20.;R$ 14.716,33
FEV;05/02/2020;155901;EBSERH HE-UFPEL;OUTRAS DESPESAS CORRENTES;155901264432020PF000001;PAG.DE DESPESA OBRIGATORIA- RESUL.PRIM=1;6153000300;EM ATENDIMENTO AO PROCESSO SEI Nº 23523.000576/2019-91, ENVIO DE RECURSO FINANCEIRO PARA RESSARCIMENTO DA REALIZACAO DE EXAMES HISTOPATOLOGICOS PARA O HOSPITAL ESCOLA-UFPEL, CONFORME 2020NC000001.;R$ 237,88
FEV;06/02/2020;155007;EMPRESA BRASILEIRA DE SERVICOS HOSPITALARES;OUTRAS DESPESAS CORRENTES;155007264432020PF000502;CUSTEIO/INVESTIMENTO - RESUL.PRIM = 2;8100915002; REPASSE FINANCEIRO REFERENTE A OCC EBSERH CONFORME APURACAO EM 05.02.20. ;R$ 742,00
FEV;06/02/2020;155007;EMPRESA BRASILEIRA DE SERVICOS HOSPITALARES;OUTRAS DESPESAS CORRENTES;155007264432020PF000503;CUSTEIO/INVESTIMENTO - RESUL.PRIM = 2;8250264430;REPASSE FINANCEIRO REFERENTE A OCC EBSERH CONFORME APURACAO EM 05.02.20.;R$ 68.306,97
FEV;06/02/2020;155007;EMPRESA BRASILEIRA DE SERVICOS HOSPITALARES;OUTRAS DESPESAS CORRENTES;155007264432020PF000504;CUSTEIO/INVESTIMENTO - RESUL.PRIM = 2;8100915107;REPASSE FINANCEIRO REFERENTE A OCC EBSERH CONFORME APURACAO EM 05.02.20.;R$ 35.947,59
FEV;06/02/2020;155007;EMPRESA BRASILEIRA DE SERVICOS HOSPITALARES;OUTRAS DESPESAS CORRENTES;155007264432020PF000624;PAG.DE DESPESA OBRIGATORIA- RESUL.PRIM=1;6153000300;REPASSE FINANCEIRO CONFORME APURACAO EM 06.02.2020 - TETO MAC - PARCELA 01/2020 - COMP. 12/2019;R$ 1.434.280,15
FEV;06/02/2020;155007;EMPRESA BRASILEIRA DE SERVICOS HOSPITALARES;OUTRAS DESPESAS CORRENTES;155007264432020PF000625;PAG.DE DESPESA OBRIGATORIA- RESUL.PRIM=1;6300000300;REPASSE FINANCEIRO CONFORME APURACAO EM 06.02.2020 - TETO MAC - PARCELA 12/2019 - COMP. 11/2019;R$ 8.000,00
FEV;06/02/2020;155007;EMPRESA BRASILEIRA DE SERVICOS HOSPITALARES;OUTRAS DESPESAS CORRENTES;155007264432020PF000640;PAG.DE DESPESA OBRIGATORIA- RESUL.PRIM=1;6153000400;REPASSE FINANCEIRO CONFORME APURACAO EM 06.02.2020 - FAEC     - PARCELA E COMP. 12/2019;R$ 111.720,35
FEV;06/02/2020;154041;FUNDACAO UNIVERSIDADE DO MARANHAO;INVESTIMENTO;154041152582020PF000030;CUST/INV-EMENDAS IMPOSITIVAS DE BANCADA RP7;8188000000;TRANSFERENCIA DE RECURSO FINANCEIRO REF. EMENDA PARLAMENTAR: 71110011 PTRES:151404 UO: 26394 UG: 155010 EMPENHO: 2019NE803006 AUOTOR: BANCADA DO MARANHAO.ŽREF. 2019PF055287(150014/0001);R$ 7.750,00
FEV;06/02/2020;154041;FUNDACAO UNIVERSIDADE DO MARANHAO;INVESTIMENTO;154041152582020PF000031;CUST/INV-EMENDAS IMPOSITIVAS DE BANCADA RP7;8188000000;TRANSFERENCIA DE RECURSO FINANCEIRO REF. EMENDA PARLAMENTAR: 71110011 PTRES:151404 UO: 26394 UG: 155010 EMPENHO: 2019NE802975 AUOTOR: BANCADA DO MARANHAO.ŽREF. 2019PF055252(150014/0001);R$ 41.910,62
FEV;06/02/2020;154041;FUNDACAO UNIVERSIDADE DO MARANHAO;INVESTIMENTO;154041152582020PF000032;CUST/INV-EMENDAS IMPOSITIVAS DE BANCADA RP7;8188000000;TRANSFERENCIA DE RECURSO FINANCEIRO REF. EMENDA PARLAMENTAR: 71110011 PTRES:151404 UO: 26394 UG: 155010 EMPENHO: 2019NE802967 AUOTOR: BANCADA DO MARANHAO.ŽREF. 2019PF055231(150014/0001);R$ 123.680,00
FEV;06/02/2020;155007;EMPRESA BRASILEIRA DE SERVICOS HOSPITALARES;OUTRAS DESPESAS CORRENTES;155007264432020PF000495;CUSTEIO/INVESTIMENTO - RESUL.PRIM = 2;8100150714;REPASSE FINANCEIRO REFERENTE A OCC EBSERH CONFORME APURACAO EM 05.02.20.;R$ 50.834,86
FEV;13/02/2020;155007;EMPRESA BRASILEIRA DE SERVICOS HOSPITALARES;OUTRAS DESPESAS CORRENTES;155007264432020PF000767;PAG.DE DESPESA OBRIGATORIA- RESUL.PRIM=1;6153000300; REPASSE FINANCEIRO CONFORME APURACAO EM 12.02.2020 - TETO MAC - PARCELA 01/2020 - COMP. 12/2019 ;R$ 723.617,07
FEV;13/02/2020;155007;EMPRESA BRASILEIRA DE SERVICOS HOSPITALARES;OUTRAS DESPESAS CORRENTES;155007264432020PF000768;PAG.DE DESPESA OBRIGATORIA- RESUL.PRIM=1;6300000300;REPASSE FINANCEIRO CONFORME APURACAO EM 12.02.2020 - TETO MAC - PARCELA 12/2019 - COMP. 11/2019;R$ 35.889,09
FEV;13/02/2020;155007;EMPRESA BRASILEIRA DE SERVICOS HOSPITALARES;OUTRAS DESPESAS CORRENTES;155007264432020PF000783;PAG.DE DESPESA OBRIGATORIA- RESUL.PRIM=1;6153000400;REPASSE FINANCEIRO CONFORME APURACAO EM 12.02.2020 - FAEC     - PARCELA E COMP. 12/2019;R$ 36.713,01
FEV;13/02/2020;155007;EMPRESA BRASILEIRA DE SERVICOS HOSPITALARES;OUTRAS DESPESAS CORRENTES;155007264432020PF000790;CUSTEIO/INVESTIMENTO - RESUL.PRIM = 2;8100915107; REPASSE FINANCEIRO REFERENTE A OCC EBSERH CONFORME APURACAO EM 12.02.20. ;R$ 4.813,81
FEV;14/02/2020;155007;EMPRESA BRASILEIRA DE SERVICOS HOSPITALARES;OUTRAS DESPESAS CORRENTES;155007264432020PF000829; CUSTEIO/INVESTIMENTO - RESUL.PRIM = 2 ;8100915002; REPASSE FINANCEIRO REFERENTE A OCC EBSERH CONFORME APURACAO EM 12.02.20. ;R$ 122,79
FEV;14/02/2020;155007;EMPRESA BRASILEIRA DE SERVICOS HOSPITALARES;OUTRAS DESPESAS CORRENTES;155007264432020PF000873;PAG.DE DESPESA OBRIGATORIA- RESUL.PRIM=1;6153000300; REPASSE FINANCEIRO CONFORME APURACAO EM 13.02.2020 - TETO MAC - PARCELA 02/2020 - COMP. 01/2020 ;R$ 2.139.198,68
FEV;14/02/2020;155007;EMPRESA BRASILEIRA DE SERVICOS HOSPITALARES;OUTRAS DESPESAS CORRENTES;155007264432020PF000874;PAG.DE DESPESA OBRIGATORIA- RESUL.PRIM=1;6300000300; REPASSE FINANCEIRO CONFORME APURACAO EM 13.02.2020 - TETO MAC - PARCELA 12/2019 - COMP. 11/2019 ;R$ 6.000,00
FEV;14/02/2020;257001;DIRETORIA EXECUTIVA DO FUNDO NAC. DE SAUDE;OUTRAS DESPESAS CORRENTES;257001000012020PF440316;CUSTEIO/INVESTIMENTO - RESUL.PRIM = 2;151003874;PAG. ESTRAT. 61869-PROGRAMA DE RESTRUTURACAO DOS HOSPITAIS UNIVERSITARIOS (REHUF) - COMP. JAN DE 2020 - PROC. 25000213391201970 - MA/EBSERH HU-UFMA - 155010-26443;R$ 808.255,52
FEV;14/02/2020;257001;DIRETORIA EXECUTIVA DO FUNDO NAC. DE SAUDE;OUTRAS DESPESAS CORRENTES;257001000012020PF440317;CUSTEIO/INVESTIMENTO - RESUL.PRIM = 2;151001251;PAG. ESTRAT. 61869-PROGRAMA DE RESTRUTURACAO DOS HOSPITAIS UNIVERSITARIOS (REHUF) - COMP. JAN DE 2020 - PROC. 25000086631201876 - MA/EBSERH HU-UFMA - 155010-26443;R$ 16.612,00
FEV;14/02/2020;257001;DIRETORIA EXECUTIVA DO FUNDO NAC. DE SAUDE;OUTRAS DESPESAS CORRENTES;257001000012020PF440340;CUSTEIO/INVESTIMENTO - RESUL.PRIM = 2;151002171;PAG. ESTRAT. 61869-PROGRAMA DE RESTRUTURACAO DOS HOSPITAIS UNIVERSITARIOS (REHUF) - COMP. JAN DE 2020 - PROC. 25000138754201981 - MA/EBSERH HU-UFMA - 155010-26443;R$ 27.720,44
FEV;14/02/2020;257001;DIRETORIA EXECUTIVA DO FUNDO NAC. DE SAUDE;OUTRAS DESPESAS CORRENTES;257001000012020PF440389;CUSTEIO/INVESTIMENTO - RESUL.PRIM = 2;151019459;PAG. ESTRAT. 61869-PROGRAMA DE RESTRUTURACAO DOS HOSPITAIS UNIVERSITARIOS (REHUF) - COMP. JAN DE 2020 - PROC. 25000064498201988 - MA/EBSERH HU-UFMA - 155010-26443;R$ 9.869,58
FEV;14/02/2020;257001;DIRETORIA EXECUTIVA DO FUNDO NAC. DE SAUDE;OUTRAS DESPESAS CORRENTES;257001000012020PF440458;CUSTEIO/INVESTIMENTO - RESUL.PRIM = 2;151001416;PAG. ESTRAT. 61869-PROGRAMA DE RESTRUTURACAO DOS HOSPITAIS UNIVERSITARIOS (REHUF) - COMP. JAN DE 2020 - PROC. 25000108626201911 - MA/EBSERH HU-UFMA - 155010-26443;R$ 45.532,52
FEV;14/02/2020;257001;DIRETORIA EXECUTIVA DO FUNDO NAC. DE SAUDE;OUTRAS DESPESAS CORRENTES;257001000012020PF440485;CUSTEIO/INVESTIMENTO - RESUL.PRIM = 2;151002582;PAG. ESTRAT. 61869-PROGRAMA DE RESTRUTURACAO DOS HOSPITAIS UNIVERSITARIOS (REHUF) - COMP. JAN DE 2020 - PROC. 25000156894201850 - MA/EBSERH HU-UFMA - 155010-26443;R$ 9.028,90
FEV;14/02/2020;257001;DIRETORIA EXECUTIVA DO FUNDO NAC. DE SAUDE;OUTRAS DESPESAS CORRENTES;257001000012020PF440503;CUSTEIO/INVESTIMENTO - RESUL.PRIM = 2;151002788;PAG. ESTRAT. 61869-PROGRAMA DE RESTRUTURACAO DOS HOSPITAIS UNIVERSITARIOS (REHUF) - COMP. JAN DE 2020 - PROC. 25000178188201940 - MA/EBSERH HU-UFMA - 155010-26443;R$ 659.982,79
FEV;14/02/2020;257001;DIRETORIA EXECUTIVA DO FUNDO NAC. DE SAUDE;INVESTIMENTO;257001000012020PF440292;CUSTEIO/INVESTIMENTO - RESUL.PRIM = 2;151019460;PAG. ESTRAT. 61869-PROGRAMA DE RESTRUTURACAO DOS HOSPITAIS UNIVERSITARIOS (REHUF) - COMP. JAN DE 2020 - PROC. 25000064494201908 - MA/EBSERH HU-UFMA - 155010-26443;R$ 20.940,00
FEV;20/02/2020;155007;EMPRESA BRASILEIRA DE SERVICOS HOSPITALARES;OUTRAS DESPESAS CORRENTES;155007264432020PF000940;PAG.DE DESPESA OBRIGATORIA- RESUL.PRIM=1;6153000300;REPASSE FINANCEIRO CONFORME APURACAO EM 19.02.2020 - TETO MAC - PARCELA 02/2020 - COMP. 01/2020;R$ 57.406,60
FEV;20/02/2020;155007;EMPRESA BRASILEIRA DE SERVICOS HOSPITALARES;OUTRAS DESPESAS CORRENTES;155007264432020PF000961;CUSTEIO/INVESTIMENTO - RESUL.PRIM = 2;8100915002;REPASSE FINANCEIRO REFERENTE A OCC EBSERH CONFORME APURACAO EM 19.02.20.;R$ 1.334,81
FEV;20/02/2020;155007;EMPRESA BRASILEIRA DE SERVICOS HOSPITALARES;OUTRAS DESPESAS CORRENTES;155007264432020PF001018;PAG.DE DESPESA OBRIGATORIA- RESUL.PRIM=1;6153000400;REPASSE FINANCEIRO CONFORME APURACAO EM 19.02.2020 - FAEC     - PARCELA E COMP. 12/2019;R$ 6.859,10
FEV;20/02/2020;155007;EMPRESA BRASILEIRA DE SERVICOS HOSPITALARES;OUTRAS DESPESAS CORRENTES;155007264432020PF001070;PAG.DE DESPESA OBRIGATORIA- RESUL.PRIM=1;6300000300;REPASSE FINANCEIRO CONFORME APURACAO EM 19.02.2020 - TETO MAC - PARCELA 12/2019 - COMP. 11/2019;R$ 18.907,00
FEV;27/02/2020;155007;EMPRESA BRASILEIRA DE SERVICOS HOSPITALARES;OUTRAS DESPESAS CORRENTES;155007264432020PF001102;CUSTEIO/INVESTIMENTO - RESUL.PRIM = 2;8100915002; REPASSE FINANCEIRO REFERENTE A OCC EBSERH CONFORME APURACAO EM 27.02.20. ;R$ 3.902,79
FEV;27/02/2020;155007;EMPRESA BRASILEIRA DE SERVICOS HOSPITALARES;OUTRAS DESPESAS CORRENTES;155007264432020PF001103;CUSTEIO/INVESTIMENTO - RESUL.PRIM = 2;8100915107;REPASSE FINANCEIRO REFERENTE A OCC EBSERH CONFORME APURACAO EM 27.02.20.;R$ 7.605,14
FEV;27/02/2020;155007;EMPRESA BRASILEIRA DE SERVICOS HOSPITALARES;OUTRAS DESPESAS CORRENTES;155007264432020PF001174;PAG.DE DESPESA OBRIGATORIA- RESUL.PRIM=1;6300000300;REPASSE FINANCEIRO CONFORME APURACAO EM 27.02.2020 - TETO MAC - PARCELA 12/2019 - COMP. 11/2019;R$ 5.628,50
FEV;27/02/2020;155007;EMPRESA BRASILEIRA DE SERVICOS HOSPITALARES;INVESTIMENTO;155007264432020PF001101;CUSTEIO/INVESTIMENTO - RESUL.PRIM = 2;8100150714; REPASSE FINANCEIRO REFERENTE A OCC EBSERH CONFORME APURACAO EM 27.02.20. ;R$ 33.750,00
FEV;28/02/2020;155007;EMPRESA BRASILEIRA DE SERVICOS HOSPITALARES;OUTRAS DESPESAS CORRENTES;155007264432020PF001227;PAG.DE DESPESA OBRIGATORIA- RESUL.PRIM=1;6153000300;REPASSE FINANCEIRO CONFORME APURACAO EM 27.02.2020 - TETO MAC - PARCELA 02/2020 - COMP. 01/2020;R$ 4.021.995,36
FEV;28/02/2020;155007;EMPRESA BRASILEIRA DE SERVICOS HOSPITALARES;OUTRAS DESPESAS CORRENTES;155007264432020PF001248;PAG.DE DESPESA OBRIGATORIA- RESUL.PRIM=1;6153000400;REPASSE FINANCEIRO CONFORME APURACAO EM 27.02.2020 - FAEC     - PARCELA E COMP. 12/2019;R$ 82.442,80
MAR;02/03/2020;257001;DIRETORIA EXECUTIVA DO FUNDO NAC. DE SAUDE;OUTRAS DESPESAS CORRENTES;257001000012020PF440669;CUSTEIO/INVESTIMENTO - RESUL.PRIM = 2;151003874;PAG. ESTRAT. 61869-PROGRAMA DE RESTRUTURACAO DOS HOSPITAIS UNIVERSITARIOS (REHUF) - COMP. DEZ DE 2019 - PROC. 25000213391201970 - MA/EBSERH HU-UFMA - 155010-26443;R$ 112.382,05
MAR;02/03/2020;257001;DIRETORIA EXECUTIVA DO FUNDO NAC. DE SAUDE;OUTRAS DESPESAS CORRENTES;257001000012020PF440717;CUSTEIO/INVESTIMENTO - RESUL.PRIM = 2;151019459;PAG. ESTRAT. 61869-PROGRAMA DE RESTRUTURACAO DOS HOSPITAIS UNIVERSITARIOS (REHUF) - COMP. DEZ DE 2019 - PROC. 25000064498201988 - MA/EBSERH HU-UFMA - 155010-26443;R$ 20.043,94
MAR;03/03/2020;257001;DIRETORIA EXECUTIVA DO FUNDO NAC. DE SAUDE;OUTRAS DESPESAS CORRENTES;257001000012020PF440942;CUSTEIO/INVESTIMENTO - RESUL.PRIM = 2;151002171;PAG. ESTRAT. 61869-PROGRAMA DE RESTRUTURACAO DOS HOSPITAIS UNIVERSITARIOS (REHUF) - COMP. DEZ DE 2019 - PROC. 25000138754201981 - MA/EBSERH HU-UFMA - 155010-26443;R$ 119.503,50
MAR;03/03/2020;257001;DIRETORIA EXECUTIVA DO FUNDO NAC. DE SAUDE;OUTRAS DESPESAS CORRENTES;257001000012020PF440974;CUSTEIO/INVESTIMENTO - RESUL.PRIM = 2;151001416;PAG. ESTRAT. 61869-PROGRAMA DE RESTRUTURACAO DOS HOSPITAIS UNIVERSITARIOS (REHUF) - COMP. DEZ DE 2019 - PROC. 25000108626201911 - MA/EBSERH HU-UFMA - 155010-26443;R$ 100.729,58
MAR;03/03/2020;257001;DIRETORIA EXECUTIVA DO FUNDO NAC. DE SAUDE;OUTRAS DESPESAS CORRENTES;257001000012020PF441006;CUSTEIO/INVESTIMENTO - RESUL.PRIM = 2;151002788;PAG. ESTRAT. 61869-PROGRAMA DE RESTRUTURACAO DOS HOSPITAIS UNIVERSITARIOS (REHUF) - COMP. DEZ DE 2019 - PROC. 25000178188201940 - MA/EBSERH HU-UFMA - 155010-26443;R$ 296.955,42
MAR;03/03/2020;154041;FUNDACAO UNIVERSIDADE DO MARANHAO;INVESTIMENTO;154041152582020PF000052;CUST/INV-EMENDAS IMPOSITIVAS DE BANCADA RP7;8188000000;LIBERACAO EMENDAS PARLAMENTARES - EMENDA: 71110011 PTRES: 151404 UO: 26394 UG: 155010 EMPENHO: 2019NE803614 AUTOR: BANCADA DO MARANHAO;R$ 342.000,00
MAR;03/03/2020;154041;FUNDACAO UNIVERSIDADE DO MARANHAO;INVESTIMENTO;154041152582020PF000053;CUST/INV-EMENDAS IMPOSITIVAS DE BANCADA RP7;8188000000;LIBERACAO EMENDAS PARLAMENTARES - EMENDA: 71110011 PTRES: 151404 UO: 26394 UG: 155010 EMPENHO: 2019NE803733 AUTOR: BANCADA DO MARANHAO;R$ 234.000,00
MAR;03/03/2020;154041;FUNDACAO UNIVERSIDADE DO MARANHAO;INVESTIMENTO;154041152582020PF000054;CUST/INV-EMENDAS IMPOSITIVAS DE BANCADA RP7;8188000000;LIBERACAO EMENDAS PARLAMENTARES - EMENDA: 71110011 PTRES: 151404 UO: 26394 UG: 155010 EMPENHO: 2019NE803911 AUTOR: BANCADA DO MARANHAO;R$ 189.480,00
MAR;03/03/2020;154041;FUNDACAO UNIVERSIDADE DO MARANHAO;INVESTIMENTO;154041152582020PF000055;CUST/INV-EMENDAS IMPOSITIVAS DE BANCADA RP7;8188000000;LIBERACAO EMENDAS PARLAMENTARES - EMENDA: 71110011 PTRES: 151404 UO: 26394 UG: 155010 EMPENHO: 2019NE803482 AUTOR: BANCADA DO MARANHAO;R$ 106.400,00
MAR;03/03/2020;154041;FUNDACAO UNIVERSIDADE DO MARANHAO;INVESTIMENTO;154041152582020PF000056;CUST/INV-EMENDAS IMPOSITIVAS DE BANCADA RP7;8188000000;LIBERACAO EMENDAS PARLAMENTARES - EMENDA: 71110011 PTRES: 151404 UO: 26394 UG: 155010 EMPENHO: 2019NE802966 AUTOR: BANCADA DO MARANHAO;R$ 80.000,00
MAR;03/03/2020;154041;FUNDACAO UNIVERSIDADE DO MARANHAO;INVESTIMENTO;154041152582020PF000057;CUST/INV-EMENDAS IMPOSITIVAS DE BANCADA RP7;8188000000;LIBERACAO EMENDAS PARLAMENTARES - EMENDA: 71110011 PTRES: 151404 UO: 26394 UG: 155010 EMPENHO: 2019NE803788 AUTOR: BANCADA DO MARANHAO;R$ 60.288,00
MAR;03/03/2020;154041;FUNDACAO UNIVERSIDADE DO MARANHAO;INVESTIMENTO;154041152582020PF000058;CUST/INV-EMENDAS IMPOSITIVAS DE BANCADA RP7;8188000000;LIBERACAO EMENDAS PARLAMENTARES - EMENDA: 71110011 PTRES: 151404 UO: 26394 UG: 155010 EMPENHO: 2019NE803910 AUTOR: BANCADA DO MARANHAO;R$ 54.000,00
MAR;03/03/2020;154041;FUNDACAO UNIVERSIDADE DO MARANHAO;INVESTIMENTO;154041152582020PF000059;CUST/INV-EMENDAS IMPOSITIVAS DE BANCADA RP7;8188000000;LIBERACAO EMENDAS PARLAMENTARES - EMENDA: 71110011 PTRES: 151404 UO: 26394 UG: 155010 EMPENHO: 2019NE803813 AUTOR: BANCADA DO MARANHAO;R$ 40.000,00
MAR;03/03/2020;154041;FUNDACAO UNIVERSIDADE DO MARANHAO;INVESTIMENTO;154041152582020PF000060;CUST/INV-EMENDAS IMPOSITIVAS DE BANCADA RP7;8188000000;LIBERACAO EMENDAS PARLAMENTARES - EMENDA: 71110011 PTRES: 151404 UO: 26394 UG: 155010 EMPENHO: 2019NE802976 AUTOR: BANCADA DO MARANHAO;R$ 10.499,00
MAR;03/03/2020;154041;FUNDACAO UNIVERSIDADE DO MARANHAO;INVESTIMENTO;154041152582020PF000061;CUST/INV-EMENDAS IMPOSITIVAS DE BANCADA RP7;8188000000;LIBERACAO EMENDAS PARLAMENTARES - EMENDA: 71110011 PTRES: 151404 UO: 26394 UG: 155010 EMPENHO: 2019NE803003 AUTOR: BANCADA DO MARANHAO;R$ 8.070,00
MAR;03/03/2020;154041;FUNDACAO UNIVERSIDADE DO MARANHAO;INVESTIMENTO;154041152582020PF000062;CUST/INV-EMENDAS IMPOSITIVAS DE BANCADA RP7;8188000000;LIBERACAO EMENDAS PARLAMENTARES - EMENDA: 71110011 PTRES: 151404 UO: 26394 UG: 155010 EMPENHO: 2019NE802971 AUTOR: BANCADA DO MARANHAO;R$ 3.199,92
MAR;03/03/2020;154041;FUNDACAO UNIVERSIDADE DO MARANHAO;INVESTIMENTO;154041152582020PF000063;CUST/INV-EMENDAS IMPOSITIVAS DE BANCADA RP7;8188000000;LIBERACAO EMENDAS PARLAMENTARES - EMENDA: 71110011 PTRES: 151404 UO: 26394 UG: 155010 EMPENHO: 2019NE804001 AUTOR: BANCADA DO MARANHAO;R$ 4.861,20
MAR;03/03/2020;154041;FUNDACAO UNIVERSIDADE DO MARANHAO;INVESTIMENTO;154041152582020PF000064;CUST/INV-EMENDAS IMPOSITIVAS DE BANCADA RP7;8188000000;LIBERACAO EMENDAS PARLAMENTARES - EMENDA: 71110011 PTRES: 151404 UO: 26394 UG: 155010 EMPENHO: 2019NE803670 AUTOR: BANCADA DO MARANHAO;R$ 51.480,00
MAR;03/03/2020;154041;FUNDACAO UNIVERSIDADE DO MARANHAO;INVESTIMENTO;154041152582020PF000065;CUST/INV-EMENDAS IMPOSITIVAS DE BANCADA RP7;8188000000;LIBERACAO EMENDAS PARLAMENTARES - EMENDA: 71110011 PTRES: 151404 UO: 26394 UG: 155010 EMPENHO: 2019NE803573 AUTOR: BANCADA DO MARANHAO;R$ 1.932.913,46
MAR;03/03/2020;154041;FUNDACAO UNIVERSIDADE DO MARANHAO;INVESTIMENTO;154041152582020PF000066;CUST/INV-EMENDAS IMPOSITIVAS DE BANCADA RP7;8188000000;LIBERACAO EMENDAS PARLAMENTARES - EMENDA: 71110011 PTRES: 151404 UO: 26394 UG: 155010 EMPENHO: 2019NE803666 AUTOR: BANCADA DO MARANHAO;R$ 10.200,00
MAR;03/03/2020;154041;FUNDACAO UNIVERSIDADE DO MARANHAO;INVESTIMENTO;154041152582020PF000067;CUST/INV-EMENDAS IMPOSITIVAS DE BANCADA RP7;8188000000;LIBERACAO EMENDAS PARLAMENTARES - EMENDA: 71110011 PTRES: 151404 UO: 26394 UG: 155010 EMPENHO: 2019NE803732 AUTOR: BANCADA DO MARANHAO;R$ 76.945,00
MAR;03/03/2020;154041;FUNDACAO UNIVERSIDADE DO MARANHAO;INVESTIMENTO;154041152582020PF000068;CUST/INV-EMENDAS IMPOSITIVAS DE BANCADA RP7;8188000000;LIBERACAO EMENDAS PARLAMENTARES - EMENDA: 71110011 PTRES: 151404 UO: 26394 UG: 155010 EMPENHO: 2019NE803672 AUTOR: BANCADA DO MARANHAO;R$ 44.600,00
MAR;03/03/2020;154041;FUNDACAO UNIVERSIDADE DO MARANHAO;INVESTIMENTO;154041152582020PF000069;CUST/INV-EMENDAS IMPOSITIVAS DE BANCADA RP7;8188000000;LIBERACAO EMENDAS PARLAMENTARES - EMENDA: 71110011 PTRES: 151404 UO: 26394 UG: 155010 EMPENHO: 2019NE803798 AUTOR: BANCADA DO MARANHAO;R$ 219.700,00
MAR;03/03/2020;154041;FUNDACAO UNIVERSIDADE DO MARANHAO;INVESTIMENTO;154041152582020PF000070;CUST/INV-EMENDAS IMPOSITIVAS DE BANCADA RP7;8188000000;LIBERACAO EMENDAS PARLAMENTARES - EMENDA: 71110011 PTRES: 151404 UO: 26394 UG: 155010 EMPENHO: 2019NE803671 AUTOR: BANCADA DO MARANHAO;R$ 5.975,76
MAR;03/03/2020;154041;FUNDACAO UNIVERSIDADE DO MARANHAO;INVESTIMENTO;154041152582020PF000071;CUST/INV-EMENDAS IMPOSITIVAS DE BANCADA RP7;8188000000;LIBERACAO EMENDAS PARLAMENTARES - EMENDA: 71110011 PTRES: 151404 UO: 26394 UG: 155010 EMPENHO: 2019NE803994 AUTOR: BANCADA DO MARANHAO;R$ 342.000,00
MAR;03/03/2020;154041;FUNDACAO UNIVERSIDADE DO MARANHAO;INVESTIMENTO;154041152582020PF000072;CUST/INV-EMENDAS IMPOSITIVAS DE BANCADA RP7;8188000000;LIBERACAO EMENDAS PARLAMENTARES - EMENDA: 71110011 PTRES: 151404 UO: 26394 UG: 155010 EMPENHO: 2019NE803563 AUTOR: BANCADA DO MARANHAO;R$ 279.040,00
MAR;03/03/2020;154041;FUNDACAO UNIVERSIDADE DO MARANHAO;INVESTIMENTO;154041152582020PF000073;CUST/INV-EMENDAS IMPOSITIVAS DE BANCADA RP7;8188000000;LIBERACAO EMENDAS PARLAMENTARES - EMENDA: 71110011 PTRES: 151404 UO: 26394 UG: 155010 EMPENHO: 2019NE803811 AUTOR: BANCADA DO MARANHAO;R$ 26.394,00
MAR;03/03/2020;154041;FUNDACAO UNIVERSIDADE DO MARANHAO;INVESTIMENTO;154041152582020PF000074;CUST/INV-EMENDAS IMPOSITIVAS DE BANCADA RP7;8188000000;LIBERACAO EMENDAS PARLAMENTARES - EMENDA: 71110011 PTRES: 151404 UO: 26394 UG: 155010 EMPENHO: 2019NE803790 AUTOR: BANCADA DO MARANHAO;R$ 24.700,00
MAR;03/03/2020;154041;FUNDACAO UNIVERSIDADE DO MARANHAO;INVESTIMENTO;154041152582020PF000075;CUST/INV-EMENDAS IMPOSITIVAS DE BANCADA RP7;8188000000;LIBERACAO EMENDAS PARLAMENTARES - EMENDA: 71110011 PTRES: 151404 UO: 26394 UG: 155010 EMPENHO: 2019NE803613 AUTOR: BANCADA DO MARANHAO;R$ 569.030,00
MAR;03/03/2020;154041;FUNDACAO UNIVERSIDADE DO MARANHAO;INVESTIMENTO;154041152582020PF000076;CUST/INV-EMENDAS IMPOSITIVAS DE BANCADA RP7;8188000000;LIBERACAO EMENDAS PARLAMENTARES - EMENDA: 71110011 PTRES: 151404 UO: 26394 UG: 155010 EMPENHO: 2019NE803796 AUTOR: BANCADA DO MARANHAO;R$ 111.600,00
MAR;03/03/2020;154041;FUNDACAO UNIVERSIDADE DO MARANHAO;INVESTIMENTO;154041152582020PF000077;CUST/INV-EMENDAS IMPOSITIVAS DE BANCADA RP7;8188000000;LIBERACAO EMENDAS PARLAMENTARES - EMENDA: 71110011 PTRES: 151404 UO: 26394 UG: 155010 EMPENHO: 2019NE803815 AUTOR: BANCADA DO MARANHAO;R$ 85.000,00
MAR;03/03/2020;154041;FUNDACAO UNIVERSIDADE DO MARANHAO;INVESTIMENTO;154041152582020PF000078;CUST/INV-EMENDAS IMPOSITIVAS DE BANCADA RP7;8188000000;LIBERACAO EMENDAS PARLAMENTARES - EMENDA: 71110011 PTRES: 151404 UO: 26394 UG: 155010 EMPENHO: 2019NE803669 AUTOR: BANCADA DO MARANHAO;R$ 98.750,00
MAR;05/03/2020;155007;EMPRESA BRASILEIRA DE SERVICOS HOSPITALARES;OUTRAS DESPESAS CORRENTES;155007264432020PF001277;CUSTEIO/INVESTIMENTO - RESUL.PRIM = 2;8100915107;REPASSE FINANCEIRO REFERENTE A OCC EBSERH CONFORME APURACAO EM 04.03.20.;R$ 11.053,00
MAR;05/03/2020;155007;EMPRESA BRASILEIRA DE SERVICOS HOSPITALARES;OUTRAS DESPESAS CORRENTES;155007264432020PF001405;PAG.DE DESPESA OBRIGATORIA- RESUL.PRIM=1;6300000300; REPASSE FINANCEIRO CONFORME APURACAO EM 04.03.2020 - TETO MAC - PARCELA 12/2019 - COMP. 11/2019 ;R$ 15.278,14
MAR;05/03/2020;155007;EMPRESA BRASILEIRA DE SERVICOS HOSPITALARES;INVESTIMENTO;155007264432020PF001278;CUSTEIO/INVESTIMENTO - RESUL.PRIM = 2;8100915107;REPASSE FINANCEIRO REFERENTE A OCC EBSERH CONFORME APURACAO EM 04.03.20.;R$ 628.149,86
MAR;05/03/2020;257001;DIRETORIA EXECUTIVA DO FUNDO NAC. DE SAUDE;OUTRAS DESPESAS CORRENTES;257001000012020PF441053;CUSTEIO/INVESTIMENTO - RESUL.PRIM = 2;151002582;PAG. ESTRAT. 61869-PROGRAMA DE RESTRUTURACAO DOS HOSPITAIS UNIVERSITARIOS (REHUF) - COMP. DEZ DE 2018 - PROC. 25000156894201850 - MA/EBSERH HU-UFMA - 155010-26443;R$ 19.351,68
MAR;06/03/2020;257001;DIRETORIA EXECUTIVA DO FUNDO NAC. DE SAUDE;INVESTIMENTO;257001000012020PF440684;CUSTEIO/INVESTIMENTO - RESUL.PRIM = 2;151019460;PAG. ESTRAT. 61869-PROGRAMA DE RESTRUTURACAO DOS HOSPITAIS UNIVERSITARIOS (REHUF) - COMP. DEZ DE 2019 - PROC. 25000064494201908 - MA/EBSERH HU-UFMA - 155010-26443;R$ 133.120,00
MAR;12/03/2020;155007;EMPRESA BRASILEIRA DE SERVICOS HOSPITALARES;OUTRAS DESPESAS CORRENTES;155007264432020PF001427;CUSTEIO/INVESTIMENTO - RESUL.PRIM = 2;8100915002;REPASSE FINANCEIRO REFERENTE A OCC EBSERH CONFORME APURACAO EM 11.03.20.;R$ 1.242,70
MAR;12/03/2020;155007;EMPRESA BRASILEIRA DE SERVICOS HOSPITALARES;OUTRAS DESPESAS CORRENTES;155007264432020PF001428;CUSTEIO/INVESTIMENTO - RESUL.PRIM = 2;8100915107;REPASSE FINANCEIRO REFERENTE A OCC EBSERH CONFORME APURACAO EM 11.03.20.;R$ 4.278,45
MAR;12/03/2020;155007;EMPRESA BRASILEIRA DE SERVICOS HOSPITALARES;OUTRAS DESPESAS CORRENTES;155007264432020PF001429;CUSTEIO/INVESTIMENTO - RESUL.PRIM = 2;8250264430;REPASSE FINANCEIRO REFERENTE A OCC EBSERH CONFORME APURACAO EM 11.03.20.;R$ 226.108,44
MAR;12/03/2020;155007;EMPRESA BRASILEIRA DE SERVICOS HOSPITALARES;OUTRAS DESPESAS CORRENTES;155007264432020PF001553;PAG.DE DESPESA OBRIGATORIA- RESUL.PRIM=1;6153000300;REPASSE FINANCEIRO CONFORME APURACAO EM 11.03.2020 - TETO MAC - PARCELA 03/2020 - COMP. 02/2020;R$ 4.456.533,20
MAR;12/03/2020;155007;EMPRESA BRASILEIRA DE SERVICOS HOSPITALARES;OUTRAS DESPESAS CORRENTES;155007264432020PF001555;PAG.DE DESPESA OBRIGATORIA- RESUL.PRIM=1;6300000300; REPASSE FINANCEIRO CONFORME APURACAO EM 11.03.2020 - TETO MAC - PARCELA 12/2019 - COMP. 11/2019 ;R$ 18.668,17
MAR;12/03/2020;257001;DIRETORIA EXECUTIVA DO FUNDO NAC. DE SAUDE;OUTRAS DESPESAS CORRENTES;257001000012020PF441182;CUSTEIO/INVESTIMENTO - RESUL.PRIM = 2;151003874;PAG. ESTRAT. 61869-PROGRAMA DE RESTRUTURACAO DOS HOSPITAIS UNIVERSITARIOS (REHUF) - COMP. DEZ DE 2019 - PROC. 25000213391201970 - MA/EBSERH HU-UFMA - 155010-26443;R$ 17.573,02
MAR;12/03/2020;257001;DIRETORIA EXECUTIVA DO FUNDO NAC. DE SAUDE;INVESTIMENTO;257001000012020PF441102;CUSTEIO/INVESTIMENTO - RESUL.PRIM = 2;151019460;PAG. ESTRAT. 61869-PROGRAMA DE RESTRUTURACAO DOS HOSPITAIS UNIVERSITARIOS (REHUF) - COMP. DEZ DE 2019 - PROC. 25000064494201908 - MA/EBSERH HU-UFMA - 155010-26443;R$ 67.220,00
MAR;16/03/2020;154041;FUNDACAO UNIVERSIDADE DO MARANHAO;OUTRAS DESPESAS CORRENTES;154041152582020PF000085;CUSTEIO/INVESTIMENTO - RESUL.PRIM = 2;8142261010;LIBERACAO DE FINANCEIRO REF. TED 8480, CONFORME 2020PF001176(152734/0001).;R$ 1.716.090,53
MAR;19/03/2020;155007;EMPRESA BRASILEIRA DE SERVICOS HOSPITALARES;OUTRAS DESPESAS CORRENTES;155007264432020PF001634;CUSTEIO/INVESTIMENTO - RESUL.PRIM = 2;8100915002;REPASSE FINANCEIRO REFERENTE A OCC EBSERH CONFORME APURACAO EM 18.03.20.;R$ 6.421,76
MAR;19/03/2020;155007;EMPRESA BRASILEIRA DE SERVICOS HOSPITALARES;OUTRAS DESPESAS CORRENTES;155007264432020PF001635;CUSTEIO/INVESTIMENTO - RESUL.PRIM = 2;8100915107; REPASSE FINANCEIRO REFERENTE A OCC EBSERH CONFORME APURACAO EM 18.03.20. ;R$ 28.842,07
MAR;19/03/2020;155007;EMPRESA BRASILEIRA DE SERVICOS HOSPITALARES;OUTRAS DESPESAS CORRENTES;155007264432020PF001767;PAG.DE DESPESA OBRIGATORIA- RESUL.PRIM=1;6153000300; REPASSE FINANCEIRO CONFORME APURACAO EM 18.03.2020 - TETO MAC - PARCELA 03/2020 - COMP. 02/2020 ;R$ 1.744.889,87
MAR;19/03/2020;154041;FUNDACAO UNIVERSIDADE DO MARANHAO;INVESTIMENTO;154041152582020PF000087;CUST/INV-EMENDAS IMPOSITIVAS DE BANCADA RP7;8188000000;LIBERACAO EMENDAS PARLAMENTARES - EMENDA: 71110011 PTRES: 151404 UO: 26394 UG: 155010 EMPENHO: 2019NE803812 AUTOR: BANCADA DO MARANHAO.;R$ 79.000,00
MAR;19/03/2020;154041;FUNDACAO UNIVERSIDADE DO MARANHAO;INVESTIMENTO;154041152582020PF000088;CUST/INV-EMENDAS IMPOSITIVAS DE BANCADA RP7;8188000000;LIBERACAO EMENDAS PARLAMENTARES - EMENDA: 71110011 PTRES: 151404 UO: 26394 UG: 155010 EMPENHO: 2019NE803957 AUTOR: BANCADA DO MARANHAO;R$ 97.000,00
MAR;19/03/2020;154041;FUNDACAO UNIVERSIDADE DO MARANHAO;INVESTIMENTO;154041152582020PF000089;CUST/INV-EMENDAS IMPOSITIVAS DE BANCADA RP7;8188000000;LIBERACAO EMENDAS PARLAMENTARES - EMENDA: 71110011 PTRES: 151404 UO: 26394 UG: 155010 EMPENHO: 2019NE804222 AUTOR: BANCADA DO MARANHAO;R$ 37.200,00
MAR;19/03/2020;154041;FUNDACAO UNIVERSIDADE DO MARANHAO;INVESTIMENTO;154041152582020PF000090;CUST/INV-EMENDAS IMPOSITIVAS DE BANCADA RP7;8188000000;LIBERACAO EMENDAS PARLAMENTARES - EMENDA: 71110011 PTRES: 151404 UO: 26394 UG: 155010 EMPENHO: 2019NE804223 AUTOR: BANCADA DO MARANHAO;R$ 6.799,00
MAR;19/03/2020;155007;EMPRESA BRASILEIRA DE SERVICOS HOSPITALARES;OUTRAS DESPESAS CORRENTES;155007264432020PF001703;CUSTEIO/INVESTIMENTO - RESUL.PRIM = 2;8100150714;REPASSE FINANCEIRO REFERENTE A OCC EBSERH CONFORME APURACAO EM 18.03.20. PASEP.;R$ 94.114,05
MAR;25/03/2020;155007;EMPRESA BRASILEIRA DE SERVICOS HOSPITALARES;OUTRAS DESPESAS CORRENTES;155007264432020PF001871;CUSTEIO/INVESTIMENTO - RESUL.PRIM = 2;8100150714; REPASSE FINANCEIRO REFERENTE A OCC EBSERH CONFORME APURACAO EM 25.03.20. ;R$ 400,00
MAR;25/03/2020;155007;EMPRESA BRASILEIRA DE SERVICOS HOSPITALARES;OUTRAS DESPESAS CORRENTES;155007264432020PF001875;CUSTEIO/INVESTIMENTO - RESUL.PRIM = 2;8100915107;REPASSE FINANCEIRO REFERENTE A OCC EBSERH CONFORME APURACAO EM 25.03.20.;R$ 19.855,15
MAR;25/03/2020;155007;EMPRESA BRASILEIRA DE SERVICOS HOSPITALARES;OUTRAS DESPESAS CORRENTES;155007264432020PF001972;PAG.DE DESPESA OBRIGATORIA- RESUL.PRIM=1;6153000300;REPASSE FINANCEIRO CONFORME APURACAO EM 25.03.2020 - TETO MAC - PARCELA 03/2020 - COMP. 02/2020;R$ 471.941,68
MAR;25/03/2020;155007;EMPRESA BRASILEIRA DE SERVICOS HOSPITALARES;OUTRAS DESPESAS CORRENTES;155007264432020PF001973;PAG.DE DESPESA OBRIGATORIA- RESUL.PRIM=1;6153000300;REPASSE FINANCEIRO CONFORME APURACAO EM 25.03.2020 - TETO MAC - PARCELA 04/2020 - COMP. 03/2020;R$ 350.000,00
MAR;25/03/2020;155007;EMPRESA BRASILEIRA DE SERVICOS HOSPITALARES;OUTRAS DESPESAS CORRENTES;155007264432020PF001974;PAG.DE DESPESA OBRIGATORIA- RESUL.PRIM=1;6300000300;REPASSE FINANCEIRO CONFORME APURACAO EM 25.03.2020 - TETO MAC - PARCELA 12/2019 - COMP. 11/2019;R$ 92.328,02
MAR;25/03/2020;155007;EMPRESA BRASILEIRA DE SERVICOS HOSPITALARES;OUTRAS DESPESAS CORRENTES;155007264432020PF001975;PAG.DE DESPESA OBRIGATORIA- RESUL.PRIM=1;6153000400;REPASSE FINANCEIRO CONFORME APURACAO EM 25.03.2020 - FAEC     - PARCELA E COMP. 12/2019;R$ 70.000,00
MAR;25/03/2020;155007;EMPRESA BRASILEIRA DE SERVICOS HOSPITALARES;INVESTIMENTO;155007264432020PF001873;CUSTEIO/INVESTIMENTO - RESUL.PRIM = 2;8100150714;REPASSE FINANCEIRO REFERENTE A OCC EBSERH CONFORME APURACAO EM 25.03.20.;R$ 4.620,00
MAR;25/03/2020;155914;HOSPITAL UNIVERSITARIO ALCIDES CARNEIRO;OUTRAS DESPESAS CORRENTES;155914264432020PF000002;PAG.DE DESPESA OBRIGATORIA- RESUL.PRIM=1;6153000300;TRANSFERENCIA DE RECURSO PARA COMPENSACAO DOS CUSTOS REFERENTES A EXAMES HISTOŽPATOLOGICOS, COMPREENDENDO O PERIODO DE 02/07/2019 A 15/10/2019,CONFORME ACOR-ŽDO DE COOPERACAO TECNICA - SEI 3/2019. PROC.SEI 23523.032234/2018-50;R$ 7.404,05
ABR;01/04/2020;155007;EMPRESA BRASILEIRA DE SERVICOS HOSPITALARES;OUTRAS DESPESAS CORRENTES;155007264432020PF002014;CUSTEIO/INVESTIMENTO - RESUL.PRIM = 2;8100915107;REPASSE FINANCEIRO REFERENTE A OCC EBSERH CONFORME APURACAO EM 01.04.20.;R$ 104,00
ABR;01/04/2020;155007;EMPRESA BRASILEIRA DE SERVICOS HOSPITALARES;OUTRAS DESPESAS CORRENTES;155007264432020PF002015;CUSTEIO/INVESTIMENTO - RESUL.PRIM = 2;8100915107;REPASSE FINANCEIRO REFERENTE A OCC EBSERH CONFORME APURACAO EM 01.04.20.;R$ 586.219,71
ABR;01/04/2020;155007;EMPRESA BRASILEIRA DE SERVICOS HOSPITALARES;OUTRAS DESPESAS CORRENTES;155007264432020PF002130;PAG.DE DESPESA OBRIGATORIA- RESUL.PRIM=1;6153000300;REPASSE FINANCEIRO CONFORME APURACAO EM 01.04.2020 - TETO MAC - PARCELA 04/2020 - COMP. 03/2020;R$ 1.500.000,00
ABR;01/04/2020;155007;EMPRESA BRASILEIRA DE SERVICOS HOSPITALARES;OUTRAS DESPESAS CORRENTES;155007264432020PF002136;PAG.DE DESPESA OBRIGATORIA- RESUL.PRIM=1;6300000300;REPASSE FINANCEIRO CONFORME APURACAO EM 01.04.2020 - TETO MAC - PARCELA 12/2019 - COMP. 11/2019;R$ 4.844,98
ABR;03/04/2020;257001;DIRETORIA EXECUTIVA DO FUNDO NAC. DE SAUDE;OUTRAS DESPESAS CORRENTES;257001000012020PF441436;CUSTEIO/INVESTIMENTO - RESUL.PRIM = 2;151002788;PAG. ESTRAT. 61869-PROGRAMA DE RESTRUTURACAO DOS HOSPITAIS UNIVERSITARIOS (REHUF) - COMP. DEZ DE 2019 - PROC. 25000178188201940 - MA/EBSERH HU-UFMA - 155010-26443;R$ 39.963,26
ABR;03/04/2020;257001;DIRETORIA EXECUTIVA DO FUNDO NAC. DE SAUDE;OUTRAS DESPESAS CORRENTES;257001000012020PF441538;CUSTEIO/INVESTIMENTO - RESUL.PRIM = 2;151002171;PAG. ESTRAT. 61869-PROGRAMA DE RESTRUTURACAO DOS HOSPITAIS UNIVERSITARIOS (REHUF) - COMP. DEZ DE 2019 - PROC. 25000138754201981 - MA/EBSERH HU-UFMA - 155010-26443;R$ 68.310,78
ABR;03/04/2020;257001;DIRETORIA EXECUTIVA DO FUNDO NAC. DE SAUDE;OUTRAS DESPESAS CORRENTES;257001000012020PF441570;CUSTEIO/INVESTIMENTO - RESUL.PRIM = 2;151001416;PAG. ESTRAT. 61869-PROGRAMA DE RESTRUTURACAO DOS HOSPITAIS UNIVERSITARIOS (REHUF) - COMP. DEZ DE 2019 - PROC. 25000108626201911 - MA/EBSERH HU-UFMA - 155010-26443;R$ 30.660,34
ABR;03/04/2020;257001;DIRETORIA EXECUTIVA DO FUNDO NAC. DE SAUDE;OUTRAS DESPESAS CORRENTES;257001000012020PF441588;CUSTEIO/INVESTIMENTO - RESUL.PRIM = 2;151002582;PAG. ESTRAT. 61869-PROGRAMA DE RESTRUTURACAO DOS HOSPITAIS UNIVERSITARIOS (REHUF) - COMP. DEZ DE 2018 - PROC. 25000156894201850 - MA/EBSERH HU-UFMA - 155010-26443;R$ 39.898,55
ABR;03/04/2020;257001;DIRETORIA EXECUTIVA DO FUNDO NAC. DE SAUDE;OUTRAS DESPESAS CORRENTES;257001000012020PF441608;CUSTEIO/INVESTIMENTO - RESUL.PRIM = 2;151019459;PAG. ESTRAT. 61869-PROGRAMA DE RESTRUTURACAO DOS HOSPITAIS UNIVERSITARIOS (REHUF) - COMP. DEZ DE 2019 - PROC. 25000064498201988 - MA/EBSERH HU-UFMA - 155010-26443;R$ 6.147,95
ABR;03/04/2020;257001;DIRETORIA EXECUTIVA DO FUNDO NAC. DE SAUDE;OUTRAS DESPESAS CORRENTES;257001000012020PF441631;CUSTEIO/INVESTIMENTO - RESUL.PRIM = 2;151003874; PAG. ESTRAT. 61869-PROGRAMA DE RESTRUTURACAO DOS HOSPITAIS UNIVERSITARIOS (REHUF) - COMP. DEZ DE 2019 - PROC. 25000213391201970 - MA/EBSERH HU-UFMA - 155010-26443 ;R$ 1.345,19
ABR;06/04/2020;155007;EMPRESA BRASILEIRA DE SERVICOS HOSPITALARES;OUTRAS DESPESAS CORRENTES;155007264432020PF002169;CREDITOS EXTRAORDINARIOS;100915002;REPASSE FINANCEIRO REFERENTE A ACAO 21C0 CONFORME APURACAO EM 03.04.20.;R$ 2.192.144,85
ABR;06/04/2020;155180;EBSERH HU-UNIVASF;OUTRAS DESPESAS CORRENTES;155180264432020PF000001;PAG.DE DESPESA OBRIGATORIA- RESUL.PRIM=1;6153000300;SUB-REPASSE DE RECURSOS FINANCEIROS PARA COMPENSACAO DOS CUSTOS DE EXAMES HISTOPATOLOGICOS REALIZADOS PELA EBSERH HU-UFMA EM FAVOR DA EBSERH HU-UNIVASF, TERMO DE COOPERACAO TECNICA 01/2019, PROCESSO SEI: 23542.000497/2018-71.;R$ 4.328,70
ABR;07/04/2020;155007;EMPRESA BRASILEIRA DE SERVICOS HOSPITALARES;OUTRAS DESPESAS CORRENTES;155007264432020PF002229;CREDITOS EXTRAORDINARIOS;100915002;REPASSE FINANCEIRO REFERENTE A ACAO 21C0 CONFORME APURACAO EM 07.04.20.;R$ 2.437.835,21
ABR;08/04/2020;155007;EMPRESA BRASILEIRA DE SERVICOS HOSPITALARES;OUTRAS DESPESAS CORRENTES;155007264432020PF002383;PAG.DE DESPESA OBRIGATORIA- RESUL.PRIM=1;6153000300;REPASSE FINANCEIRO CONFORME APURACAO EM 08.04.2020 - TETO MAC - PARCELA 04/2020 - COMP. 03/2020;R$ 300.000,00
ABR;08/04/2020;155007;EMPRESA BRASILEIRA DE SERVICOS HOSPITALARES;OUTRAS DESPESAS CORRENTES;155007264432020PF002384;PAG.DE DESPESA OBRIGATORIA- RESUL.PRIM=1;6300000300; REPASSE FINANCEIRO CONFORME APURACAO EM 08.04.2020 - TETO MAC - PARCELA 12/2019 - COMP. 11/2019 ;R$ 900,00
ABR;09/04/2020;155007;EMPRESA BRASILEIRA DE SERVICOS HOSPITALARES;OUTRAS DESPESAS CORRENTES;155007264432020PF002398;PAG.DE DESPESA OBRIGATORIA- RESUL.PRIM=1;6153000400; REPASSE FINANCEIRO CONFORME APURACAO EM 08.04.2020 - FAEC     - PARCELA E COMP. 12/2019 ;R$ 442.783,27
ABR;09/04/2020;155007;EMPRESA BRASILEIRA DE SERVICOS HOSPITALARES;OUTRAS DESPESAS CORRENTES;155007264432020PF002399;CUSTEIO/INVESTIMENTO - RESUL.PRIM = 2;8100915107;REPASSE FINANCEIRO REFERENTE A OCC EBSERH CONFORME APURACAO EM 08.04.20.;R$ 1.268.533,75
ABR;09/04/2020;155007;EMPRESA BRASILEIRA DE SERVICOS HOSPITALARES;OUTRAS DESPESAS CORRENTES;155007264432020PF002397;PAG.DE DESPESA OBRIGATORIA- RESUL.PRIM=1;6153000400;REPASSE FINANCEIRO CONFORME APURACAO EM 08.04.2020 - FAEC     - PARCELA E COMP. 01/2020;R$ 600.000,00
ABR;15/04/2020;155007;EMPRESA BRASILEIRA DE SERVICOS HOSPITALARES;OUTRAS DESPESAS CORRENTES;155007264432020PF002431;CUSTEIO/INVESTIMENTO - RESUL.PRIM = 2;8100915107;REPASSE FINANCEIRO REFERENTE A OCC EBSERH CONFORME APURACAO EM 15.04.20.;R$ 104,00
ABR;15/04/2020;155007;EMPRESA BRASILEIRA DE SERVICOS HOSPITALARES;OUTRAS DESPESAS CORRENTES;155007264432020PF002432;CUSTEIO/INVESTIMENTO - RESUL.PRIM = 2;8100915107;REPASSE FINANCEIRO REFERENTE A OCC EBSERH CONFORME APURACAO EM 15.04.20.;R$ 1.268.533,75
ABR;15/04/2020;155007;EMPRESA BRASILEIRA DE SERVICOS HOSPITALARES;OUTRAS DESPESAS CORRENTES;155007264432020PF002522;PAG.DE DESPESA OBRIGATORIA- RESUL.PRIM=1;6153000300; REPASSE FINANCEIRO CONFORME APURACAO EM 15.04.2020 - TETO MAC - PARCELA 02/2020 - COMP. 01/2020 ;R$ 2.000.000,00
ABR;16/04/2020;155007;EMPRESA BRASILEIRA DE SERVICOS HOSPITALARES;OUTRAS DESPESAS CORRENTES;155007264432020PF002550;CUSTEIO/INVESTIMENTO - RESUL.PRIM = 2;8100915002;REPASSE FINANCEIRO REFERENTE A OCC EBSERH CONFORME APURACAO EM 15.04.20.;R$ 4.000,00
ABR;16/04/2020;155007;EMPRESA BRASILEIRA DE SERVICOS HOSPITALARES;OUTRAS DESPESAS CORRENTES;155007264432020PF002567;CUSTEIO/INVESTIMENTO - RESUL.PRIM = 2;8100915107;REPASSE FINANCEIRO REFERENTE A OCC EBSERH CONFORME APURACAO EM 15.04.20.;R$ 258.330,19
ABR;16/04/2020;257001;DIRETORIA EXECUTIVA DO FUNDO NAC. DE SAUDE;OUTRAS DESPESAS CORRENTES;257001000012020PF441777;CUSTEIO/INVESTIMENTO - RESUL.PRIM = 2;151002788;PAG. ESTRAT. 61869-PROGRAMA DE RESTRUTURACAO DOS HOSPITAIS UNIVERSITARIOS (REHUF) - COMP. DEZ DE 2019 - PROC. 25000178188201940 - MA/EBSERH HU-UFMA - 155010-26443;R$ 1.260,00
ABR;16/04/2020;257001;DIRETORIA EXECUTIVA DO FUNDO NAC. DE SAUDE;OUTRAS DESPESAS CORRENTES;257001000012020PF441812;CUSTEIO/INVESTIMENTO - RESUL.PRIM = 2;151002171;PAG. ESTRAT. 61869-PROGRAMA DE RESTRUTURACAO DOS HOSPITAIS UNIVERSITARIOS (REHUF) - COMP. DEZ DE 2019 - PROC. 25000138754201981 - MA/EBSERH HU-UFMA - 155010-26443;R$ 6.971,42
ABR;22/04/2020;155007;EMPRESA BRASILEIRA DE SERVICOS HOSPITALARES;OUTRAS DESPESAS CORRENTES;155007264432020PF002597; CUSTEIO/INVESTIMENTO - RESUL.PRIM = 2 ;8100915107; REPASSE FINANCEIRO REFERENTE A OCC EBSERH CONFORME APURACAO EM 22.04.20. ;R$ 761.717,58
ABR;23/04/2020;155007;EMPRESA BRASILEIRA DE SERVICOS HOSPITALARES;OUTRAS DESPESAS CORRENTES;155007264432020PF002702;PAG.DE DESPESA OBRIGATORIA- RESUL.PRIM=1;6153000300;REPASSE FINANCEIRO CONFORME APURACAO EM 22.04.2020 - TETO MAC - PARCELA 04/2020 - COMP. 03/2020;R$ 1.022.919,91
ABR;27/04/2020;154041;FUNDACAO UNIVERSIDADE DO MARANHAO;INVESTIMENTO;154041152582020PF000112;CUST/INV-EMENDAS IMPOSITIVAS DE BANCADA RP7;8188000000;LIBERACAO EMENDAS PARLAMENTARES - EMENDA: 71110011 PTRES: 151404 UO: 26394 UG: 155010 EMPENHO: 2019NE803612 AUTOR: BANCADA DO MARANHAO;R$ 1.121.620,00
ABR;27/04/2020;154041;FUNDACAO UNIVERSIDADE DO MARANHAO;INVESTIMENTO;154041152582020PF000113;CUST/INV-EMENDAS IMPOSITIVAS DE BANCADA RP7;8188000000; LIBERACAO EMENDAS PARLAMENTARES - EMENDA: 71110011 PTRES: 151404 UO: 26394 UG:Ž  155010 EMPENHO: 2019NE803669 AUTOR: BANCADA DO MARANHAO;R$ 522.500,00
ABR;27/04/2020;154041;FUNDACAO UNIVERSIDADE DO MARANHAO;INVESTIMENTO;154041152582020PF000114;CUST/INV-EMENDAS IMPOSITIVAS DE BANCADA RP7;8188000000;LIBERACAO EMENDAS PARLAMENTARES - EMENDA: 71110011 PTRES: 151404 UO: 26394 UG:Ž 155010 EMPENHO: 2019NE803809 AUTOR: BANCADA DO MARANHAO;R$ 410.000,00
ABR;27/04/2020;154041;FUNDACAO UNIVERSIDADE DO MARANHAO;INVESTIMENTO;154041152582020PF000115;CUST/INV-EMENDAS IMPOSITIVAS DE BANCADA RP7;8188000000;LIBERACAO EMENDAS PARLAMENTARES - EMENDA: 71110011 PTRES: 151404 UO: 26394 UG:Ž 155010 EMPENHO: 2019NE803995 AUTOR: BANCADA DO MARANHAO;R$ 39.059,97
ABR;27/04/2020;154041;FUNDACAO UNIVERSIDADE DO MARANHAO;INVESTIMENTO;154041152582020PF000116;CUST/INV-EMENDAS IMPOSITIVAS DE BANCADA RP7;8188000000; LIBERACAO EMENDAS PARLAMENTARES - EMENDA: 71110011 PTRES: 151404 UO: 26394 UGŽ  155010 EMPENHO: 2019NE804221 AUTOR: BANCADA DO MARANHAO;R$ 120.500,00
ABR;27/04/2020;154041;FUNDACAO UNIVERSIDADE DO MARANHAO;INVESTIMENTO;154041152582020PF000117;CUST/INV-EMENDAS IMPOSITIVAS DE BANCADA RP7;8188000000; LIBERACAO EMENDAS PARLAMENTARES - EMENDA: 71110011 PTRES: 151404 UO: 26394 UG:Ž  155010 EMPENHO: 2019NE804236 AUTOR: BANCADA DO MARANHAO;R$ 3.040,00
ABR;27/04/2020;154041;FUNDACAO UNIVERSIDADE DO MARANHAO;INVESTIMENTO;154041152582020PF000118;CUST/INV-EMENDAS IMPOSITIVAS DE BANCADA RP7;8188000000; LIBERACAO EMENDAS PARLAMENTARES - EMENDA: 71110011 PTRES: 151404 UO: 26394 UGŽ  155010 EMPENHO: 2019NE804242 AUTOR: BANCADA DO MARANHAO;R$ 4.479,39
ABR;27/04/2020;154041;FUNDACAO UNIVERSIDADE DO MARANHAO;INVESTIMENTO;154041152582020PF000119;CUST/INV-EMENDAS IMPOSITIVAS DE BANCADA RP7;8188000000;LIBERACAO EMENDAS PARLAMENTARES - EMENDA: 71110011 PTRES: 151404 UO: 26394 UG:Ž 155010 EMPENHO: 2019NE804271 AUTOR: BANCADA DO MARANHAO;R$ 52.079,96
ABR;29/04/2020;155007;EMPRESA BRASILEIRA DE SERVICOS HOSPITALARES;OUTRAS DESPESAS CORRENTES;155007264432020PF002755;CUSTEIO/INVESTIMENTO - RESUL.PRIM = 2;8100915107;REPASSE FINANCEIRO REFERENTE A OCC EBSERH CONFORME APURACAO EM 29.04.20.;R$ 5.743,11
ABR;29/04/2020;155007;EMPRESA BRASILEIRA DE SERVICOS HOSPITALARES;OUTRAS DESPESAS CORRENTES;155007264432020PF002777;CUSTEIO/INVESTIMENTO - RESUL.PRIM = 2;8100915107;REPASSE FINANCEIRO REFERENTE A OCC EBSERH CONFORME APURACAO EM 29.04.20.;R$ 924.519,11
ABR;29/04/2020;155007;EMPRESA BRASILEIRA DE SERVICOS HOSPITALARES;OUTRAS DESPESAS CORRENTES;155007264432020PF002732;CUSTEIO/INVESTIMENTO - RESUL.PRIM = 2;100150714;REPASSE FINANCEIRO REFERENTE A OCC EBSERH CONFORME APURACAO EM 29.04.20.;R$ 61.336,49
ABR;30/04/2020;155007;EMPRESA BRASILEIRA DE SERVICOS HOSPITALARES;OUTRAS DESPESAS CORRENTES;155007264432020PF002812;PAG.DE DESPESA OBRIGATORIA- RESUL.PRIM=1;6300000300; REPASSE FINANCEIRO CONFORME APURACAO EM 29.04.2020 - TETO MAC - PARCELA 12/2019 - COMP. 11/2019 ;R$ 5.264,48
ABR;30/04/2020;155007;EMPRESA BRASILEIRA DE SERVICOS HOSPITALARES;OUTRAS DESPESAS CORRENTES;155007264432020PF002880;PAG.DE DESPESA OBRIGATORIA- RESUL.PRIM=1;6153000400;REPASSE FINANCEIRO CONFORME APURACAO EM 29.04.2020 - FAEC     - PARCELA E COMP. 01/2020;R$ 57.409,07
MAI;07/05/2020;155007;EMPRESA BRASILEIRA DE SERVICOS HOSPITALARES;OUTRAS DESPESAS CORRENTES;155007264432020PF002916;CUSTEIO/INVESTIMENTO - RESUL.PRIM = 2;8100915107;REPASSE FINANCEIRO REFERENTE A OCC EBSERH CONFORME APURACAO EM 06.05.20.;R$ 299.612,89
MAI;07/05/2020;155007;EMPRESA BRASILEIRA DE SERVICOS HOSPITALARES;OUTRAS DESPESAS CORRENTES;155007264432020PF003018;PAG.DE DESPESA OBRIGATORIA- RESUL.PRIM=1;6153000300;REPASSE FINANCEIRO CONFORME APURACAO EM 06.05.2020 - TETO MAC - PARCELA 05/2020 - COMP. 04/2020;R$ 4.000.000,00
MAI;07/05/2020;155007;EMPRESA BRASILEIRA DE SERVICOS HOSPITALARES;OUTRAS DESPESAS CORRENTES;155007264432020PF003019;PAG.DE DESPESA OBRIGATORIA- RESUL.PRIM=1;6153000400;REPASSE FINANCEIRO CONFORME APURACAO EM 06.05.2020 - FAEC     - PARCELA E COMP. 01/2020;R$ 61.707,99
MAI;07/05/2020;257001;DIRETORIA EXECUTIVA DO FUNDO NAC. DE SAUDE;OUTRAS DESPESAS CORRENTES;257001000012020PF441984;CUSTEIO/INVESTIMENTO - RESUL.PRIM = 2;151001416;PAG. ESTRAT. 61869-PROGRAMA DE RESTRUTURACAO DOS HOSPITAIS UNIVERSITARIOS (REHUF) - COMP. DEZ DE 2019 - PROC. 25000108626201911 - MA/EBSERH HU-UFMA - 155010-26443;R$ 4.338,00
MAI;07/05/2020;257001;DIRETORIA EXECUTIVA DO FUNDO NAC. DE SAUDE;OUTRAS DESPESAS CORRENTES;257001000012020PF442047;CUSTEIO/INVESTIMENTO - RESUL.PRIM = 2;151003874;PAG. ESTRAT. 61869-PROGRAMA DE RESTRUTURACAO DOS HOSPITAIS UNIVERSITARIOS (REHUF) - COMP. DEZ DE 2019 - PROC. 25000213391201970 - MA/EBSERH HU-UFMA - 155010-26443;R$ 7.379,30
MAI;07/05/2020;257001;DIRETORIA EXECUTIVA DO FUNDO NAC. DE SAUDE;OUTRAS DESPESAS CORRENTES;257001000012020PF442055;CUSTEIO/INVESTIMENTO - RESUL.PRIM = 2;151002788;PAG. ESTRAT. 61869-PROGRAMA DE RESTRUTURACAO DOS HOSPITAIS UNIVERSITARIOS (REHUF) - COMP. DEZ DE 2019 - PROC. 25000178188201940 - MA/EBSERH HU-UFMA - 155010-26443;R$ 205,10
MAI;07/05/2020;257001;DIRETORIA EXECUTIVA DO FUNDO NAC. DE SAUDE;OUTRAS DESPESAS CORRENTES;257001000012020PF442094;CUSTEIO/INVESTIMENTO - RESUL.PRIM = 2;151002171;PAG. ESTRAT. 61869-PROGRAMA DE RESTRUTURACAO DOS HOSPITAIS UNIVERSITARIOS (REHUF) - COMP. DEZ DE 2019 - PROC. 25000138754201981 - MA/EBSERH HU-UFMA - 155010-26443;R$ 9.982,75
MAI;07/05/2020;257001;DIRETORIA EXECUTIVA DO FUNDO NAC. DE SAUDE;OUTRAS DESPESAS CORRENTES;257001000012020PF442121;CUSTEIO/INVESTIMENTO - RESUL.PRIM = 2;151019459;PAG. ESTRAT. 61869-PROGRAMA DE RESTRUTURACAO DOS HOSPITAIS UNIVERSITARIOS (REHUF) - COMP. DEZ DE 2019 - PROC. 25000064498201988 - MA/EBSERH HU-UFMA - 155010-26443;R$ 8.427,00
MAI;08/05/2020;155180;EBSERH HU-UNIVASF;OUTRAS DESPESAS CORRENTES;155180264432020PF000002;PAG.DE DESPESA OBRIGATORIA- RESUL.PRIM=1;6153000300;SUB-REPASSE DE RECURSOS FINANCEIROS PARA COMPENSACAO DOS CUSTOS DE EXAMES HISTOPATOLOGICOS REALIZADOS PELA EBSERH HU-UFMA EM FAVOR DA EBSERH HU-UNIVASF, TERMO DE COOPERACAO TECNICA 01/2019, PROCESSO SEI: 23542.000497/2018-71.;R$ 4.376,24
MAI;08/05/2020;155914;HOSPITAL UNIVERSITARIO ALCIDES CARNEIRO;OUTRAS DESPESAS CORRENTES;155914264432020PF000003;PAG.DE DESPESA OBRIGATORIA- RESUL.PRIM=1;6153000300;TRANSFERENCIA DE RECURSO PARA COMPENSACAO DOS CUSTOS REFERENTES A EXAMES HISTOŽPATOLOGICOS, COMPREENDENDO O PERIODO DE 02/01/2020 A 30/01/2020,CONFORME ACOR-ŽDO DE COOPERACAO TECNICA - SEI 3/2019. PROC.SEI 23523.032234/2018-50;R$ 11.901,78
MAI;13/05/2020;155007;EMPRESA BRASILEIRA DE SERVICOS HOSPITALARES;OUTRAS DESPESAS CORRENTES;155007264432020PF003047;CUSTEIO/INVESTIMENTO - RESUL.PRIM = 2;8100915107;REPASSE FINANCEIRO REFERENTE A OCC EBSERH CONFORME APURACAO EM 13.05.20.;R$ 1.241,49
MAI;14/05/2020;155007;EMPRESA BRASILEIRA DE SERVICOS HOSPITALARES;OUTRAS DESPESAS CORRENTES;155007264432020PF003193;PAG.DE DESPESA OBRIGATORIA- RESUL.PRIM=1;6153000300;REPASSE FINANCEIRO CONFORME APURACAO EM 13.05.2020 - TETO MAC - PARCELA 05/2020 - COMP. 04/2020;R$ 2.403.832,48
MAI;18/05/2020;154041;FUNDACAO UNIVERSIDADE DO MARANHAO;INVESTIMENTO;154041152582020PF000140;CUST/INV-EMENDAS IMPOSITIVAS DE BANCADA RP7;8188000000;LIBERACAO EMENDAS PARLAMENTARES - EMENDA: 71110011 PTRES: 151404 UO: 26394 UG: 155010 EMPENHO: 2019NE803794 AUTOR: BANCADA DO MARANHAO;R$ 44.478,00
MAI;18/05/2020;154041;FUNDACAO UNIVERSIDADE DO MARANHAO;INVESTIMENTO;154041152582020PF000141;CUST/INV-EMENDAS IMPOSITIVAS DE BANCADA RP7;8188000000;LIBERACAO EMENDAS PARLAMENTARES - EMENDA: 71110011 PTRES: 151404 UO: 26394 UG:155010 EMPENHO: 2019NE803808 AUTOR: BANCADA DO MARANHAO                      Ž;R$ 65.740,00
MAI;18/05/2020;154041;FUNDACAO UNIVERSIDADE DO MARANHAO;INVESTIMENTO;154041152582020PF000142;CUST/INV-EMENDAS IMPOSITIVAS DE BANCADA RP7;8188000000;LIBERACAO EMENDAS PARLAMENTARES - EMENDA: 71110011 PTRES: 151404 UO: 26394 UG:155010 EMPENHO: 2019NE804202 AUTOR: BANCADA DO MARANHAO                                           Ž;R$ 23.000,00
MAI;20/05/2020;155007;EMPRESA BRASILEIRA DE SERVICOS HOSPITALARES;OUTRAS DESPESAS CORRENTES;155007264432020PF003226;CUSTEIO/INVESTIMENTO - RESUL.PRIM = 2;8100915107;REPASSE FINANCEIRO REFERENTE A OCC EBSERH CONFORME APURACAO EM 20.05.20.;R$ 330.630,85
MAI;21/05/2020;155007;EMPRESA BRASILEIRA DE SERVICOS HOSPITALARES;OUTRAS DESPESAS CORRENTES;155007264432020PF003338;PAG.DE DESPESA OBRIGATORIA- RESUL.PRIM=1;6153000400;REPASSE FINANCEIRO CONFORME APURACAO EM 20.05.2020 - FAEC     - PARCELA E COMP. 01/2020;R$ 215.518,52
MAI;27/05/2020;155007;EMPRESA BRASILEIRA DE SERVICOS HOSPITALARES;OUTRAS DESPESAS CORRENTES;155007264432020PF003417;CUSTEIO/INVESTIMENTO - RESUL.PRIM = 2;8100915107;REPASSE FINANCEIRO REFERENTE A OCC EBSERH CONFORME APURACAO EM 27.05.20.;R$ 14.921,50
MAI;27/05/2020;155007;EMPRESA BRASILEIRA DE SERVICOS HOSPITALARES;INVESTIMENTO;155007264432020PF003416;CUSTEIO/INVESTIMENTO - RESUL.PRIM = 2;8100915107;REPASSE FINANCEIRO REFERENTE A OCC EBSERH CONFORME APURACAO EM 27.05.20.;R$ 4.098,52
MAI;27/05/2020;155007;EMPRESA BRASILEIRA DE SERVICOS HOSPITALARES;OUTRAS DESPESAS CORRENTES;155007264432020PF003393;CUSTEIO/INVESTIMENTO - RESUL.PRIM = 2;8100150714;REPASSE FINANCEIRO REFERENTE A OCC EBSERH CONFORME APURACAO EM 27.05.20. PASEP.;R$ 46.065,65
MAI;28/05/2020;155007;EMPRESA BRASILEIRA DE SERVICOS HOSPITALARES;OUTRAS DESPESAS CORRENTES;155007264432020PF003522;PAG.DE DESPESA OBRIGATORIA- RESUL.PRIM=1;6153000400;REPASSE FINANCEIRO CONFORME APURACAO EM 27.05.2020 - FAEC     - PARCELA E COMP. 01/2020;R$ 351.934,32
MAI;28/05/2020;155007;EMPRESA BRASILEIRA DE SERVICOS HOSPITALARES;OUTRAS DESPESAS CORRENTES;155007264432020PF003523;PAG.DE DESPESA OBRIGATORIA- RESUL.PRIM=1;6153000400;REPASSE FINANCEIRO CONFORME APURACAO EM 27.05.2020 - FAEC     - PARCELA E COMP. 02/2020;R$ 130.243,18
MAI;28/05/2020;257001;DIRETORIA EXECUTIVA DO FUNDO NAC. DE SAUDE;OUTRAS DESPESAS CORRENTES;257001000012020PF442231;CUSTEIO/INVESTIMENTO - RESUL.PRIM = 2;151002788;PAG. ESTRAT. 61869-PROGRAMA DE RESTRUTURACAO DOS HOSPITAIS UNIVERSITARIOS (REHUF) - COMP. DEZ DE 2019 - PROC. 25000178188201940 - MA/EBSERH HU-UFMA - 155010-26443;R$ 20,40
MAI;28/05/2020;257001;DIRETORIA EXECUTIVA DO FUNDO NAC. DE SAUDE;OUTRAS DESPESAS CORRENTES;257001000012020PF442284;CUSTEIO/INVESTIMENTO - RESUL.PRIM = 2;151001416;PAG. ESTRAT. 61869-PROGRAMA DE RESTRUTURACAO DOS HOSPITAIS UNIVERSITARIOS (REHUF) - COMP. DEZ DE 2019 - PROC. 25000108626201911 - MA/EBSERH HU-UFMA - 155010-26443;R$ 599,00
MAI;28/05/2020;257001;DIRETORIA EXECUTIVA DO FUNDO NAC. DE SAUDE;OUTRAS DESPESAS CORRENTES;257001000012020PF442325;CUSTEIO/INVESTIMENTO - RESUL.PRIM = 2;151003874;PAG. ESTRAT. 61869-PROGRAMA DE RESTRUTURACAO DOS HOSPITAIS UNIVERSITARIOS (REHUF) - COMP. DEZ DE 2019 - PROC. 25000213391201970 - MA/EBSERH HU-UFMA - 155010-26443;R$ 5.094,66
JUN;02/06/2020;155013;EBSERH HUOL-UFRN;OUTRAS DESPESAS CORRENTES;155013264432020PF000004;PAG.DE DESPESA OBRIGATORIA- RESUL.PRIM=1;6153000300;TRANFERENCIA DE REC FINANCEIRO DECORRENTE DO PROC 23526.000554/2019-21, CFE TERMO DE COOPERACAO ASSINADO NO DIA 06/12/2019 E NC 000007 DO DIA 02/06/2020.;R$ 34.229,24
JUN;03/06/2020;155007;EMPRESA BRASILEIRA DE SERVICOS HOSPITALARES;OUTRAS DESPESAS CORRENTES;155007264432020PF003579;CUSTEIO/INVESTIMENTO - RESUL.PRIM = 2;8100915107;REPASSE FINANCEIRO REFERENTE A OCC EBSERH CONFORME APURACAO EM 03.06.20.;R$ 10.090,03
JUN;03/06/2020;155007;EMPRESA BRASILEIRA DE SERVICOS HOSPITALARES;INVESTIMENTO;155007264432020PF003580;CUSTEIO/INVESTIMENTO - RESUL.PRIM = 2;8100915107;REPASSE FINANCEIRO REFERENTE A OCC EBSERH CONFORME APURACAO EM 03.06.20.;R$ 2.801,48
JUN;04/06/2020;155007;EMPRESA BRASILEIRA DE SERVICOS HOSPITALARES;OUTRAS DESPESAS CORRENTES;155007264432020PF003691;PAG.DE DESPESA OBRIGATORIA- RESUL.PRIM=1;6153000300;REPASSE FINANCEIRO CONFORME APURACAO EM 03.06.2020 - TETO MAC - PARCELA 06/2020 - COMP. 05/2020;R$ 5.000.000,00
JUN;04/06/2020;155007;EMPRESA BRASILEIRA DE SERVICOS HOSPITALARES;OUTRAS DESPESAS CORRENTES;155007264432020PF003692;PAG.DE DESPESA OBRIGATORIA- RESUL.PRIM=1;6153000400;REPASSE FINANCEIRO CONFORME APURACAO EM 03.06.2020 - FAEC     - PARCELA E COMP. 02/2020;R$ 152.098,10
JUN;04/06/2020;155007;EMPRESA BRASILEIRA DE SERVICOS HOSPITALARES;OUTRAS DESPESAS CORRENTES;155007264432020PF003714;PAG.DE DESPESA OBRIGATORIA- RESUL.PRIM=1;6300000300;REPASSE FINANCEIRO CONFORME APURACAO EM 03.06.2020 - TETO MAC - PARCELA 12/2019 - COMP. 11/2019;R$ 40.121,11
JUN;05/06/2020;155007;EMPRESA BRASILEIRA DE SERVICOS HOSPITALARES;OUTRAS DESPESAS CORRENTES;155007264432020PF003736;CREDITOS EXTRAORDINARIOS;6353000000;REPASSE FINANCEIRO PARA ATENDER AO ENFRENTAMENTO A COVID-19.;R$ 1.564.426,70
JUN;10/06/2020;155007;EMPRESA BRASILEIRA DE SERVICOS HOSPITALARES;OUTRAS DESPESAS CORRENTES;155007264432020PF003756;CUSTEIO/INVESTIMENTO - RESUL.PRIM = 2;8100915107;REPASSE FINANCEIRO REFERENTE A OCC EBSERH CONFORME APURACAO EM 10.06.20.;R$ 86.656,44
JUN;10/06/2020;155007;EMPRESA BRASILEIRA DE SERVICOS HOSPITALARES;OUTRAS DESPESAS CORRENTES;155007264432020PF003877;PAG.DE DESPESA OBRIGATORIA- RESUL.PRIM=1;6153000300;REPASSE FINANCEIRO CONFORME APURACAO EM 10.06.2020 - TETO MAC - PARCELA 06/2020 - COMP. 05/2020;R$ 319.653,05
JUN;10/06/2020;155007;EMPRESA BRASILEIRA DE SERVICOS HOSPITALARES;OUTRAS DESPESAS CORRENTES;155007264432020PF003897;PAG.DE DESPESA OBRIGATORIA- RESUL.PRIM=1;6153000400;REPASSE FINANCEIRO CONFORME APURACAO EM 10.06.2020 - FAEC     - PARCELA E COMP. 12/2019;R$ 56.791,61
JUN;10/06/2020;155007;EMPRESA BRASILEIRA DE SERVICOS HOSPITALARES;OUTRAS DESPESAS CORRENTES;155007264432020PF003898;PAG.DE DESPESA OBRIGATORIA- RESUL.PRIM=1;6153000400;REPASSE FINANCEIRO CONFORME APURACAO EM 10.06.2020 - FAEC     - PARCELA E COMP. 02/2020;R$ 142.906,07
JUN;10/06/2020;155007;EMPRESA BRASILEIRA DE SERVICOS HOSPITALARES;INVESTIMENTO;155007264432020PF003757;CUSTEIO/INVESTIMENTO - RESUL.PRIM = 2;8100915107;REPASSE FINANCEIRO REFERENTE A OCC EBSERH CONFORME APURACAO EM 10.06.20.;R$ 5.000,00
JUN;18/06/2020;155007;EMPRESA BRASILEIRA DE SERVICOS HOSPITALARES;OUTRAS DESPESAS CORRENTES;155007264432020PF003946;CUSTEIO/INVESTIMENTO - RESUL.PRIM = 2;100150714;REPASSE FINANCEIRO REFERENTE A OCC EBSERH CONFORME APURACAO EM 17.06.20.;R$ 136.682,94
JUN;18/06/2020;155007;EMPRESA BRASILEIRA DE SERVICOS HOSPITALARES;OUTRAS DESPESAS CORRENTES;155007264432020PF003947;CUSTEIO/INVESTIMENTO - RESUL.PRIM = 2;8100915107;REPASSE FINANCEIRO REFERENTE A OCC EBSERH CONFORME APURACAO EM 17.06.20.;R$ 5.217,84
JUN;18/06/2020;155007;EMPRESA BRASILEIRA DE SERVICOS HOSPITALARES;OUTRAS DESPESAS CORRENTES;155007264432020PF004062;PAG.DE DESPESA OBRIGATORIA- RESUL.PRIM=1;6153000400;REPASSE FINANCEIRO CONFORME APURACAO EM 17.06.2020 - FAEC     - PARCELA E COMP. 02/2020;R$ 193.196,90
JUN;18/06/2020;155007;EMPRESA BRASILEIRA DE SERVICOS HOSPITALARES;OUTRAS DESPESAS CORRENTES;155007264432020PF004079;CREDITOS EXTRAORDINARIOS;6353000000;REPASSE FINANCEIRO PARA ATENDER AO ENFRENTAMENTO A COVID-19.;R$ 135.788,81
JUN;19/06/2020;257001;DIRETORIA EXECUTIVA DO FUNDO NAC. DE SAUDE;OUTRAS DESPESAS CORRENTES;257001000012020PF442653;CUSTEIO/INVESTIMENTO - RESUL.PRIM = 2;151002788;PAG. ESTRAT. 61869-PROGRAMA DE RESTRUTURACAO DOS HOSPITAIS UNIVERSITARIOS (REHUF) - COMP. DEZ DE 2019 - PROC. 25000178188201940 - MA/EBSERH HU-UFMA - 155010-26443;R$ 670,00
JUN;19/06/2020;257001;DIRETORIA EXECUTIVA DO FUNDO NAC. DE SAUDE;OUTRAS DESPESAS CORRENTES;257001000012020PF442722;CUSTEIO/INVESTIMENTO - RESUL.PRIM = 2;151003874;PAG. ESTRAT. 61869-PROGRAMA DE RESTRUTURACAO DOS HOSPITAIS UNIVERSITARIOS (REHUF) - COMP. DEZ DE 2019 - PROC. 25000213391201970 - MA/EBSERH HU-UFMA - 155010-26443;R$ 1.694,00
JUN;19/06/2020;257001;DIRETORIA EXECUTIVA DO FUNDO NAC. DE SAUDE;INVESTIMENTO;257001000012020PF442708;CUSTEIO/INVESTIMENTO - RESUL.PRIM = 2;151019460;PAG. ESTRAT. 61869-PROGRAMA DE RESTRUTURACAO DOS HOSPITAIS UNIVERSITARIOS (REHUF) - COMP. DEZ DE 2019 - PROC. 25000064494201908 - MA/EBSERH HU-UFMA - 155010-26443;R$ 16.119,90
JUN;23/06/2020;154041;FUNDACAO UNIVERSIDADE DO MARANHAO;INVESTIMENTO;154041152582020PF000179;CUST/INV-EMENDAS IMPOSITIVAS DE BANCADA RP7;8188000000;LIBERACAO EMENDAS PARLAMENTARES - EMENDA: 71110011 PTRES: 151404 UO: 26394 UG 155010 EMPENHO: 2019NE803674 AUTOR: BANCADA DO MARANHAO;R$ 53.560,00
JUN;23/06/2020;154041;FUNDACAO UNIVERSIDADE DO MARANHAO;INVESTIMENTO;154041152582020PF000180;CUST/INV-EMENDAS IMPOSITIVAS DE BANCADA RP7;8188000000; LIBERACAO EMENDAS PARLAMENTARES - EMENDA: 71110011 PTRES: 151404 UO: 26394 UGŽ  155010 EMPENHO: 2019NE803810 AUTOR: BANCADA DO MARANHAO;R$ 173.500,00
JUN;23/06/2020;154041;FUNDACAO UNIVERSIDADE DO MARANHAO;INVESTIMENTO;154041152582020PF000181;CUST/INV-EMENDAS IMPOSITIVAS DE BANCADA RP7;8188000000;LIBERACAO EMENDAS PARLAMENTARES - EMENDA: 71110011 PTRES: 151404 UO: 26394 UG:Ž 155010 EMPENHO: 2019NE803908 AUTOR: BANCADA DO MARANHAO                      Ž;R$ 310.500,00
JUN;23/06/2020;154041;FUNDACAO UNIVERSIDADE DO MARANHAO;INVESTIMENTO;154041152582020PF000182;CUST/INV-EMENDAS IMPOSITIVAS DE BANCADA RP7;8188000000;LIBERACAO EMENDAS PARLAMENTARES - EMENDA: 71110011 PTRES: 151404 UO: 26394 UG:Ž 155010 EMPENHO: 2019NE803996 AUTOR: BANCADA DO MARANHAO                      Ž;R$ 438.464,34
JUN;23/06/2020;154041;FUNDACAO UNIVERSIDADE DO MARANHAO;INVESTIMENTO;154041152582020PF000183;CUST/INV-EMENDAS IMPOSITIVAS DE BANCADA RP7;8188000000; LIBERACAO EMENDAS PARLAMENTARES - EMENDA: 71110011 PTRES: 151404 UO: 26394 UGŽ  155010 EMPENHO: 2019NE804267 AUTOR: BANCADA DO MARANHAO                     Ž;R$ 6.893,55
JUN;25/06/2020;155007;EMPRESA BRASILEIRA DE SERVICOS HOSPITALARES;OUTRAS DESPESAS CORRENTES;155007264432020PF004232;PAG.DE DESPESA OBRIGATORIA- RESUL.PRIM=1;6153000400;REPASSE FINANCEIRO CONFORME APURACAO EM 24.06.2020 - FAEC     - PARCELA E COMP. 12/2019;R$ 57.061,73
JUN;25/06/2020;155007;EMPRESA BRASILEIRA DE SERVICOS HOSPITALARES;OUTRAS DESPESAS CORRENTES;155007264432020PF004233;PAG.DE DESPESA OBRIGATORIA- RESUL.PRIM=1;6153000400;REPASSE FINANCEIRO CONFORME APURACAO EM 24.06.2020 - FAEC     - PARCELA E COMP. 03/2020;R$ 47.573,19
JUN;25/06/2020;155007;EMPRESA BRASILEIRA DE SERVICOS HOSPITALARES;OUTRAS DESPESAS CORRENTES;155007264432020PF004234;PAG.DE DESPESA OBRIGATORIA- RESUL.PRIM=1;6153000400;REPASSE FINANCEIRO CONFORME APURACAO EM 24.06.2020 - FAEC     - PARCELA E COMP. 02/2020;R$ 105.532,37
JUN;25/06/2020;155007;EMPRESA BRASILEIRA DE SERVICOS HOSPITALARES;OUTRAS DESPESAS CORRENTES;155007264432020PF004121;CUSTEIO/INVESTIMENTO - RESUL.PRIM = 2;8100150714;REPASSE FINANCEIRO REFERENTE A OCC EBSERH CONFORME APURACAO EM 17.06.20.;R$ 46.630,09
JUN;25/06/2020;155007;EMPRESA BRASILEIRA DE SERVICOS HOSPITALARES;OUTRAS DESPESAS CORRENTES;155007264432020PF004172;CUSTEIO/INVESTIMENTO - RESUL.PRIM = 2;8100150714;REPASSE FINANCEIRO REFERENTE A OCC EBSERH CONFORME APURACAO EM 17.06.20.;R$ 46.630,09
JUN;26/06/2020;155007;EMPRESA BRASILEIRA DE SERVICOS HOSPITALARES;OUTRAS DESPESAS CORRENTES;155007264432020PF004283;CREDITOS EXTRAORDINARIOS;6353000000;REPASSE FINANCEIRO PARA ATENDER AO ENFRENTAMENTO A COVID-19.;R$ 683.514,17
JUL;02/07/2020;155007;EMPRESA BRASILEIRA DE SERVICOS HOSPITALARES;OUTRAS DESPESAS CORRENTES;155007264432020PF004321;PAG.DE DESPESA OBRIGATORIA- RESUL.PRIM=1;6153000400;REPASSE FINANCEIRO CONFORME APURACAO EM 01.07.2020 - FAEC     - PARCELA E COMP. 03/2020;R$ 37.559,68
JUL;02/07/2020;155007;EMPRESA BRASILEIRA DE SERVICOS HOSPITALARES;OUTRAS DESPESAS CORRENTES;155007264432020PF004370;PAG.DE DESPESA OBRIGATORIA- RESUL.PRIM=1;6153000300;REPASSE FINANCEIRO CONFORME APURACAO EM 01.07.2020 - TETO MAC - PARCELA 07/2020 - COMP. 06/2020;R$ 5.343.761,00
JUL;03/07/2020;155007;EMPRESA BRASILEIRA DE SERVICOS HOSPITALARES;OUTRAS DESPESAS CORRENTES;155007264432020PF004457;CUSTEIO/INVESTIMENTO - RESUL.PRIM = 2;8100915107;REPASSE FINANCEIRO REFERENTE A OCC EBSERH CONFORME APURACAO EM 01.07.20.;R$ 6.240,00
JUL;03/07/2020;257001;DIRETORIA EXECUTIVA DO FUNDO NAC. DE SAUDE;OUTRAS DESPESAS CORRENTES;257001000012020PF442892;CUSTEIO/INVESTIMENTO - RESUL.PRIM = 2;151002788;PAG. ESTRAT. 61869-PROGRAMA DE RESTRUTURACAO DOS HOSPITAIS UNIVERSITARIOS (REHUF) - COMP. DEZ DE 2019 - PROC. 25000178188201940 - MA/EBSERH HU-UFMA - 155010-26443;R$ 29.200,00
JUL;07/07/2020;155007;EMPRESA BRASILEIRA DE SERVICOS HOSPITALARES;OUTRAS DESPESAS CORRENTES;155007264432020PF004479;CREDITOS EXTRAORDINARIOS;6353000000;REPASSE FINANCEIRO PARA ATENDER AO ENFRENTAMENTO A COVID-19.;R$ 637.755,67
JUL;07/12/2020;155007;EMPRESA BRASILEIRA DE SERVICOS HOSPITALARES;OUTRAS DESPESAS CORRENTES;155007264432020PF008631;CREDITOS EXTRAORDINARIOS;6353000000;DEVOLUCAO DE SALDO FINANCEIRO PARA POSTERIOR DEVOLUCAO DO ORCAMENTO.;-R$ 123.512,02
JUL;09/07/2020;155007;EMPRESA BRASILEIRA DE SERVICOS HOSPITALARES;OUTRAS DESPESAS CORRENTES;155007264432020PF004613;PAG.DE DESPESA OBRIGATORIA- RESUL.PRIM=1;6153000400;REPASSE FINANCEIRO CONFORME APURACAO EM 08.07.2020 - FAEC     - PARCELA E COMP. 12/2019;R$ 41.229,71
JUL;09/07/2020;155007;EMPRESA BRASILEIRA DE SERVICOS HOSPITALARES;OUTRAS DESPESAS CORRENTES;155007264432020PF004614;PAG.DE DESPESA OBRIGATORIA- RESUL.PRIM=1;6153000400;REPASSE FINANCEIRO CONFORME APURACAO EM 08.07.2020 - FAEC     - PARCELA E COMP. 03/2020;R$ 120.966,40
JUL;15/07/2020;155007;EMPRESA BRASILEIRA DE SERVICOS HOSPITALARES;OUTRAS DESPESAS CORRENTES;155007264432020PF004651;CUSTEIO/INVESTIMENTO - RESUL.PRIM = 2;8100915107;REPASSE FINANCEIRO REFERENTE A OCC EBSERH CONFORME APURACAO EM 15.07.20.;R$ 26.265,43
JUL;17/07/2020;257001;DIRETORIA EXECUTIVA DO FUNDO NAC. DE SAUDE;OUTRAS DESPESAS CORRENTES;257001000012020PF443066;CUSTEIO/INVESTIMENTO - RESUL.PRIM = 2;151019459;PAG. ESTRAT. 61869-PROGRAMA DE RESTRUTURACAO DOS HOSPITAIS UNIVERSITARIOS (REHUF) - COMP. DEZ DE 2019 - PROC. 25000064498201988 - MA/EBSERH HU-UFMA - 155010-26443;R$ 10.360,05
JUL;17/07/2020;257001;DIRETORIA EXECUTIVA DO FUNDO NAC. DE SAUDE;OUTRAS DESPESAS CORRENTES;257001000012020PF443101;CUSTEIO/INVESTIMENTO - RESUL.PRIM = 2;151002788;PAG. ESTRAT. 61869-PROGRAMA DE RESTRUTURACAO DOS HOSPITAIS UNIVERSITARIOS (REHUF) - COMP. DEZ DE 2019 - PROC. 25000178188201940 - MA/EBSERH HU-UFMA - 155010-26443;R$ 5.600,00
JUL;20/10/2020;155007;EMPRESA BRASILEIRA DE SERVICOS HOSPITALARES;OUTRAS DESPESAS CORRENTES;155007264432020PF007308;CREDITOS EXTRAORDINARIOS;6353000000;RECOLHIMENTO DE FINANCEIRO PARA PROCEDER AO ESTORNO DE ORCAMENTO.;-R$ 30.748,18
JUL;22/07/2020;155007;EMPRESA BRASILEIRA DE SERVICOS HOSPITALARES;OUTRAS DESPESAS CORRENTES;155007264432020PF004837;CUSTEIO/INVESTIMENTO - RESUL.PRIM = 2;8100915107;REPASSE FINANCEIRO REFERENTE A OCC EBSERH CONFORME APURACAO EM 22.07.20.;R$ 86.487,48
JUL;23/07/2020;155007;EMPRESA BRASILEIRA DE SERVICOS HOSPITALARES;OUTRAS DESPESAS CORRENTES;155007264432020PF004946;PAG.DE DESPESA OBRIGATORIA- RESUL.PRIM=1;6153000400;REPASSE FINANCEIRO CONFORME APURACAO EM 22.07.2020 - FAEC     - PARCELA E COMP. 03/2020;R$ 30.653,40
JUL;23/07/2020;155007;EMPRESA BRASILEIRA DE SERVICOS HOSPITALARES;OUTRAS DESPESAS CORRENTES;155007264432020PF005000;PAG.DE DESPESA OBRIGATORIA- RESUL.PRIM=1;6153000300;REPASSE FINANCEIRO CONFORME APURACAO EM 22.07.2020 - TETO MAC - PARCELA 12/2019 - COMP. 11/2019;R$ 10.236,66
JUL;27/07/2020;154041;FUNDACAO UNIVERSIDADE DO MARANHAO;INVESTIMENTO;154041152582020PF000218;CUST/INV-EMENDAS IMPOSITIVAS DE BANCADA RP7;8188000000;LIBERACAO EMENDAS PARLAMENTARES - EMENDA: 71110011 PTRES: 151404 UO: 26394 UG:Ž155010 EMPENHO: 2019NE803005 AUTOR: BANCADA DO MARANHAO;R$ 23.119,68
JUL;27/07/2020;154041;FUNDACAO UNIVERSIDADE DO MARANHAO;INVESTIMENTO;154041152582020PF000219;CUST/INV-EMENDAS IMPOSITIVAS DE BANCADA RP7;8188000000;LIBERACAO EMENDAS PARLAMENTARES - EMENDA: 71110011 PTRES: 151404 UO: 26394 UG:Ž155010 EMPENHO: 2019NE804220 AUTOR: BANCADA DO MARANHAO;R$ 217.000,00
JUL;29/07/2020;155007;EMPRESA BRASILEIRA DE SERVICOS HOSPITALARES;OUTRAS DESPESAS CORRENTES;155007264432020PF005106;CREDITOS EXTRAORDINARIOS;6353000000;REPASSE FINANCEIRO REFERENTE A COVID-19/MS CONFORME APURACAO EM 29.07.20;R$ 629.317,43
JUL;30/07/2020;155007;EMPRESA BRASILEIRA DE SERVICOS HOSPITALARES;OUTRAS DESPESAS CORRENTES;155007264432020PF005163;PAG.DE DESPESA OBRIGATORIA- RESUL.PRIM=1;6153000300;REPASSE FINANCEIRO CONFORME APURACAO EM 29.07.2020 - TETO MAC - PARCELA 08/2020 - COMP. 07/2020;R$ 6.092.233,10
JUL;31/07/2020;155007;EMPRESA BRASILEIRA DE SERVICOS HOSPITALARES;OUTRAS DESPESAS CORRENTES;155007264432020PF005218;CREDITOS EXTRAORDINARIOS;6353000000;REPASSE FINANCEIRO REFERENTE A COVID-19/MS CONFORME APURACAO EM 31.07.20;R$ 2.152.581,16
AGO;05/08/2020;155007;EMPRESA BRASILEIRA DE SERVICOS HOSPITALARES;OUTRAS DESPESAS CORRENTES;155007264432020PF005258;CUSTEIO/INVESTIMENTO - RESUL.PRIM = 2;8100915107;REPASSE FINANCEIRO REFERENTE A OCC EBSERH CONFORME APURACAO EM 05.08.20.;R$ 26.820,75
AGO;05/08/2020;155007;EMPRESA BRASILEIRA DE SERVICOS HOSPITALARES;INVESTIMENTO;155007264432020PF005314;CUSTEIO/INVESTIMENTO - RESUL.PRIM = 2;8100915107;REPASSE FINANCEIRO REFERENTE A OCC EBSERH CONFORME APURACAO EM 05.08.20.;R$ 225.000,00
AGO;05/08/2020;257001;DIRETORIA EXECUTIVA DO FUNDO NAC. DE SAUDE;OUTRAS DESPESAS CORRENTES;257001000012020PF443158;CUSTEIO/INVESTIMENTO - RESUL.PRIM = 2;151001416;PAG. ESTRAT. 61869-PROGRAMA DE RESTRUTURACAO DOS HOSPITAIS UNIVERSITARIOS (REHUF) - COMP. DEZ DE 2019 - PROC. 25000108626201911 - MA/EBSERH HU-UFMA - 155010-26443;R$ 182,40
AGO;05/08/2020;155007;EMPRESA BRASILEIRA DE SERVICOS HOSPITALARES;OUTRAS DESPESAS CORRENTES;155007264432020PF005343;CUSTEIO/INVESTIMENTO - RESUL.PRIM = 2;112150714;REPASSE FINANCEIRO REFERENTE A OCC EBSERH CONFORME APURACAO EM 05.08.20.ŽŽ;R$ 25.350,00
AGO;06/08/2020;155007;EMPRESA BRASILEIRA DE SERVICOS HOSPITALARES;OUTRAS DESPESAS CORRENTES;155007264432020PF005398;PAG.DE DESPESA OBRIGATORIA- RESUL.PRIM=1;6153000400;REPASSE FINANCEIRO CONFORME APURACAO EM 05.08.2020 - FAEC     - PARCELA E COMP. 12/2019;R$ 56.494,25
AGO;06/08/2020;155007;EMPRESA BRASILEIRA DE SERVICOS HOSPITALARES;OUTRAS DESPESAS CORRENTES;155007264432020PF005399;PAG.DE DESPESA OBRIGATORIA- RESUL.PRIM=1;6153000400;REPASSE FINANCEIRO CONFORME APURACAO EM 05.08.2020 - FAEC     - PARCELA E COMP. 03/2020;R$ 439.266,37
AGO;06/08/2020;155007;EMPRESA BRASILEIRA DE SERVICOS HOSPITALARES;OUTRAS DESPESAS CORRENTES;155007264432020PF005400;PAG.DE DESPESA OBRIGATORIA- RESUL.PRIM=1;6153000400;REPASSE FINANCEIRO CONFORME APURACAO EM 05.08.2020 - FAEC     - PARCELA E COMP. 04/2020;R$ 198.101,03
AGO;10/08/2020;154041;FUNDACAO UNIVERSIDADE DO MARANHAO;INVESTIMENTO;154041152582020PF000243;CUST/INV-EMENDAS IMPOSITIVAS DE BANCADA RP7;8188000000;LIBERACAO EMENDAS PARLAMENTARES - EMENDA: 71110011 PTRES: 151404 UO: 26394 UG:Ž155010 EMPENHO: 2019NE803814 AUTOR: BANCADA DO MARANHAO;R$ 514.000,00
AGO;12/08/2020;155007;EMPRESA BRASILEIRA DE SERVICOS HOSPITALARES;OUTRAS DESPESAS CORRENTES;155007264432020PF005499;CUSTEIO/INVESTIMENTO - RESUL.PRIM = 2;8100915107;REPASSE FINANCEIRO REFERENTE A OCC EBSERH CONFORME APURACAO EM 12.08.20.;R$ 20.282,39
AGO;12/08/2020;155007;EMPRESA BRASILEIRA DE SERVICOS HOSPITALARES;INVESTIMENTO;155007264432020PF005531;CUSTEIO/INVESTIMENTO - RESUL.PRIM = 2;8100915107;REPASSE FINANCEIRO REFERENTE A OCC EBSERH CONFORME APURACAO EM 12.08.20.;R$ 218.461,64
AGO;13/08/2020;155007;EMPRESA BRASILEIRA DE SERVICOS HOSPITALARES;OUTRAS DESPESAS CORRENTES;155007264432020PF005637;PAG.DE DESPESA OBRIGATORIA- RESUL.PRIM=1;6153000400;REPASSE FINANCEIRO CONFORME APURACAO EM 12.08.2020 - FAEC     - PARCELA E COMP. 12/2019;R$ 57.385,44
AGO;13/08/2020;155007;EMPRESA BRASILEIRA DE SERVICOS HOSPITALARES;OUTRAS DESPESAS CORRENTES;155007264432020PF005638;PAG.DE DESPESA OBRIGATORIA- RESUL.PRIM=1;6153000400;REPASSE FINANCEIRO CONFORME APURACAO EM 12.08.2020 - FAEC     - PARCELA E COMP. 01/2020;R$ 166.922,07
AGO;18/08/2020;257001;DIRETORIA EXECUTIVA DO FUNDO NAC. DE SAUDE;OUTRAS DESPESAS CORRENTES;257001000012020PF443392;CUSTEIO/INVESTIMENTO - RESUL.PRIM = 2;151002171;PAG. ESTRAT. 61869-PROGRAMA DE RESTRUTURACAO DOS HOSPITAIS UNIVERSITARIOS (REHUF) - COMP. DEZ DE 2019 - PROC. 25000138754201981 - MA/EBSERH HU-UFMA - 155010-26443;R$ 144,00
AGO;20/08/2020;155007;EMPRESA BRASILEIRA DE SERVICOS HOSPITALARES;OUTRAS DESPESAS CORRENTES;155007264432020PF005825;PAG.DE DESPESA OBRIGATORIA- RESUL.PRIM=1;6153000400;REPASSE FINANCEIRO CONFORME APURACAO EM 19.08.2020 - FAEC     - PARCELA E COMP. 04/2020;R$ 25.927,53
AGO;21/08/2020;155007;EMPRESA BRASILEIRA DE SERVICOS HOSPITALARES;OUTRAS DESPESAS CORRENTES;155007264432020PF005856;CREDITOS EXTRAORDINARIOS;100915002;REPASSE FINANCEIRO PARA ATENDER AO ENFRENTAMENTO A COVID-19 - MP.924;R$ 287.001,27
AGO;26/08/2020;155007;EMPRESA BRASILEIRA DE SERVICOS HOSPITALARES;OUTRAS DESPESAS CORRENTES;155007264432020PF005916;CREDITOS EXTRAORDINARIOS;100915002;REPASSE FINANCEIRO REFERENTE A OCC EBSERH CONFORME APURACAO EM 26.08.20.;R$ 319.242,42
AGO;27/08/2020;155007;EMPRESA BRASILEIRA DE SERVICOS HOSPITALARES;OUTRAS DESPESAS CORRENTES;155007264432020PF006012;PAG.DE DESPESA OBRIGATORIA- RESUL.PRIM=1;6153000400;REPASSE FINANCEIRO CONFORME APURACAO EM 26.08.2020 - FAEC     - PARCELA E COMP. 12/2019;R$ 42.241,93
AGO;27/08/2020;155007;EMPRESA BRASILEIRA DE SERVICOS HOSPITALARES;OUTRAS DESPESAS CORRENTES;155007264432020PF006013;PAG.DE DESPESA OBRIGATORIA- RESUL.PRIM=1;6153000400;REPASSE FINANCEIRO CONFORME APURACAO EM 26.08.2020 - FAEC     - PARCELA E COMP. 04/2020;R$ 31.958,32
AGO;28/08/2020;155007;EMPRESA BRASILEIRA DE SERVICOS HOSPITALARES;OUTRAS DESPESAS CORRENTES;155007264432020PF006043;CREDITOS EXTRAORDINARIOS;100915002;REPASSE FINANCEIRO PARA ATENDER AO ENFRENTAMENTO A COVID-19 - MP.940;R$ 790.610,92
SET;02/09/2020;155007;EMPRESA BRASILEIRA DE SERVICOS HOSPITALARES;OUTRAS DESPESAS CORRENTES;155007264432020PF006102;CREDITOS EXTRAORDINARIOS;100915002;REPASSE FINANCEIRO REFERENTE A OCC EBSERH CONFORME APURACAO EM 02.09.20.;R$ 706.009,42
SET;03/09/2020;155007;EMPRESA BRASILEIRA DE SERVICOS HOSPITALARES;OUTRAS DESPESAS CORRENTES;155007264432020PF006193;PAG.DE DESPESA OBRIGATORIA- RESUL.PRIM=1;6153000300;REPASSE FINANCEIRO CONFORME APURACAO EM 02.09.2020 - TETO MAC - PARCELA 09/2020 - COMP. 08/2020;R$ 4.882.811,69
SET;03/09/2020;155007;EMPRESA BRASILEIRA DE SERVICOS HOSPITALARES;OUTRAS DESPESAS CORRENTES;155007264432020PF006194;PAG.DE DESPESA OBRIGATORIA- RESUL.PRIM=1;6153000400;REPASSE FINANCEIRO CONFORME APURACAO EM 02.09.2020 - FAEC     - PARCELA E COMP. 12/2019;R$ 56.800,20
SET;03/09/2020;155007;EMPRESA BRASILEIRA DE SERVICOS HOSPITALARES;OUTRAS DESPESAS CORRENTES;155007264432020PF006195;PAG.DE DESPESA OBRIGATORIA- RESUL.PRIM=1;6153000400;REPASSE FINANCEIRO CONFORME APURACAO EM 02.09.2020 - FAEC     - PARCELA E COMP. 04/2020;R$ 101.296,52
SET;08/09/2020;257001;DIRETORIA EXECUTIVA DO FUNDO NAC. DE SAUDE;OUTRAS DESPESAS CORRENTES;257001000012020PF443877;EMENDAS RESULTADO EOF - 9;151081984;PAG. ESTRAT. 61869-PROGRAMA DE RESTRUTURACAO DOS HOSPITAIS UNIVERSITARIOS (REHUF) - COMP. AGO DE 2020 - PROC. 25000112021202050 - MA/EBSERH HU-UFMA - 155010-26443;R$ 4.782.660,67
SET;10/09/2020;155007;EMPRESA BRASILEIRA DE SERVICOS HOSPITALARES;OUTRAS DESPESAS CORRENTES;155007264432020PF006341;PAG.DE DESPESA OBRIGATORIA- RESUL.PRIM=1;6153000400;REPASSE FINANCEIRO CONFORME APURACAO EM 09.09.2020 - FAEC     - PARCELA E COMP. 12/2019;R$ 30.624,28
SET;10/09/2020;155007;EMPRESA BRASILEIRA DE SERVICOS HOSPITALARES;OUTRAS DESPESAS CORRENTES;155007264432020PF006342;PAG.DE DESPESA OBRIGATORIA- RESUL.PRIM=1;6153000400;REPASSE FINANCEIRO CONFORME APURACAO EM 09.09.2020 - FAEC     - PARCELA E COMP. 04/2020;R$ 164.834,87
SET;10/09/2020;155007;EMPRESA BRASILEIRA DE SERVICOS HOSPITALARES;OUTRAS DESPESAS CORRENTES;155007264432020PF006343;PAG.DE DESPESA OBRIGATORIA- RESUL.PRIM=1;6153000400;REPASSE FINANCEIRO CONFORME APURACAO EM 09.09.2020 - FAEC     - PARCELA E COMP. 05/2020;R$ 77.809,14
SET;16/09/2020;155007;EMPRESA BRASILEIRA DE SERVICOS HOSPITALARES;OUTRAS DESPESAS CORRENTES;155007264432020PF006379;CUSTEIO/INVESTIMENTO - RESUL.PRIM = 2;8100915002;REPASSE FINANCEIRO REFERENTE A OCC EBSERH CONFORME APURACAO EM 16.09.20.;R$ 1.997,00
SET;16/09/2020;257001;DIRETORIA EXECUTIVA DO FUNDO NAC. DE SAUDE;OUTRAS DESPESAS CORRENTES;257001000012020PF443923;EMENDAS RESULTADO EOF - 9;151081984;PAG. ESTRAT. 61869-PROGRAMA DE RESTRUTURACAO DOS HOSPITAIS UNIVERSITARIOS (REHUF) - COMP. SET DE 2020 - PROC. 25000112021202050 - MA/EBSERH HU-UFMA - 155010-26443;R$ 2.720.830,25
SET;17/09/2020;155007;EMPRESA BRASILEIRA DE SERVICOS HOSPITALARES;OUTRAS DESPESAS CORRENTES;155007264432020PF006488;PAG.DE DESPESA OBRIGATORIA- RESUL.PRIM=1;6153000400;REPASSE FINANCEIRO CONFORME APURACAO EM 16.09.2020 - FAEC     - PARCELA E COMP. 12/2019;R$ 44.154,12
SET;17/09/2020;155007;EMPRESA BRASILEIRA DE SERVICOS HOSPITALARES;OUTRAS DESPESAS CORRENTES;155007264432020PF006489;PAG.DE DESPESA OBRIGATORIA- RESUL.PRIM=1;6153000400;REPASSE FINANCEIRO CONFORME APURACAO EM 16.09.2020 - FAEC     - PARCELA E COMP. 05/2020;R$ 235.905,19
SET;21/09/2020;155007;EMPRESA BRASILEIRA DE SERVICOS HOSPITALARES;OUTRAS DESPESAS CORRENTES;155007264432020PF006528;CREDITOS EXTRAORDINARIOS;100915002;REPASSE FINANCEIRO REFERENTE A OCC EBSERH CONFORME APURACAO EM 21.09.20.;R$ 507.675,25
SET;21/09/2020;155007;EMPRESA BRASILEIRA DE SERVICOS HOSPITALARES;INVESTIMENTO;155007264432020PF006510;CREDITOS EXTRAORDINARIOS;100915002;REPASSE FINANCEIRO REFERENTE A OCC EBSERH CONFORME APURACAO EM 21.09.20.;R$ 286.061,75
SET;23/09/2020;155007;EMPRESA BRASILEIRA DE SERVICOS HOSPITALARES;OUTRAS DESPESAS CORRENTES;155007264432020PF006587;CUSTEIO/INVESTIMENTO - RESUL.PRIM = 2;8100150714;REPASSE FINANCEIRO REFERENTE A OCC EBSERH CONFORME APURACAO EM 23.09.20.;R$ 425.088,55
SET;23/09/2020;155007;EMPRESA BRASILEIRA DE SERVICOS HOSPITALARES;OUTRAS DESPESAS CORRENTES;155007264432020PF006588;CUSTEIO/INVESTIMENTO - RESUL.PRIM = 2;8100915002;REPASSE FINANCEIRO REFERENTE A OCC EBSERH CONFORME APURACAO EM 23.09.20.;R$ 3.720,00
SET;23/09/2020;155007;EMPRESA BRASILEIRA DE SERVICOS HOSPITALARES;OUTRAS DESPESAS CORRENTES;155007264432020PF006589;CUSTEIO/INVESTIMENTO - RESUL.PRIM = 2;8100915002;REPASSE FINANCEIRO REFERENTE A OCC EBSERH CONFORME APURACAO EM 23.09.20.;R$ 680,00
SET;24/09/2020;155007;EMPRESA BRASILEIRA DE SERVICOS HOSPITALARES;OUTRAS DESPESAS CORRENTES;155007264432020PF006714;PAG.DE DESPESA OBRIGATORIA- RESUL.PRIM=1;6153000400;REPASSE FINANCEIRO CONFORME APURACAO EM 23.09.2020 - FAEC     - PARCELA E COMP. 05/2020;R$ 180.074,51
SET;24/09/2020;155007;EMPRESA BRASILEIRA DE SERVICOS HOSPITALARES;OUTRAS DESPESAS CORRENTES;155007264432020PF006730;PAG.DE DESPESA OBRIGATORIA- RESUL.PRIM=1;6153000300;REPASSE FINANCEIRO CONFORME APURACAO EM 23.09.2020 - TETO MAC - PARCELA 10/2020 - COMP. 09/2020;R$ 3.512.939,63
OUT;01/10/2020;155007;EMPRESA BRASILEIRA DE SERVICOS HOSPITALARES;OUTRAS DESPESAS CORRENTES;155007264432020PF006805;PAG.DE DESPESA OBRIGATORIA- RESUL.PRIM=1;6153000300;REPASSE FINANCEIRO CONFORME APURACAO EM 30.09.2020 - TETO MAC - PARCELA 10/2020 - COMP. 09/2020;R$ 1.864.990,88
OUT;01/10/2020;155007;EMPRESA BRASILEIRA DE SERVICOS HOSPITALARES;OUTRAS DESPESAS CORRENTES;155007264432020PF006806;PAG.DE DESPESA OBRIGATORIA- RESUL.PRIM=1;6153000400;REPASSE FINANCEIRO CONFORME APURACAO EM 30.09.2020 - FAEC     - PARCELA E COMP. 05/2020;R$ 57.136,75
OUT;01/10/2020;155007;EMPRESA BRASILEIRA DE SERVICOS HOSPITALARES;OUTRAS DESPESAS CORRENTES;155007264432020PF006860;CREDITOS EXTRAORDINARIOS;100915002;REPASSE FINANCEIRO REFERENTE A OCC EBSERH CONFORME APURACAO EM 30.09.20.;R$ 117.886,72
OUT;01/10/2020;257001;DIRETORIA EXECUTIVA DO FUNDO NAC. DE SAUDE;OUTRAS DESPESAS CORRENTES;257001000012020PF444172;EMENDAS RESULTADO EOF - 9;151081984;PAG. ESTRAT. 61869-PROGRAMA DE RESTRUTURACAO DOS HOSPITAIS UNIVERSITARIOS (REHUF) - COMP. SET DE 2020 - PROC. 25000112021202050 - MA/EBSERH HU-UFMA - 155010-26443;R$ 467.315,26
OUT;01/10/2020;257001;DIRETORIA EXECUTIVA DO FUNDO NAC. DE SAUDE;OUTRAS DESPESAS CORRENTES;257001000012020PF444209;EMENDAS RESULTADO EOF - 9;151042387;PAG. ESTRAT. 61869-PROGRAMA DE RESTRUTURACAO DOS HOSPITAIS UNIVERSITARIOS (REHUF) - COMP. SET DE 2020 - PROC. 25000126745202081 - MA/EBSERH HU-UFMA - 155010-26443;R$ 989.523,99
OUT;08/10/2020;155007;EMPRESA BRASILEIRA DE SERVICOS HOSPITALARES;OUTRAS DESPESAS CORRENTES;155007264432020PF007006;PAG.DE DESPESA OBRIGATORIA- RESUL.PRIM=1;6153000400;REPASSE FINANCEIRO CONFORME APURACAO EM 07.10.2020 - FAEC     - PARCELA E COMP. 04/2020;R$ 166.922,07
OUT;08/10/2020;155007;EMPRESA BRASILEIRA DE SERVICOS HOSPITALARES;OUTRAS DESPESAS CORRENTES;155007264432020PF007007;PAG.DE DESPESA OBRIGATORIA- RESUL.PRIM=1;6153000400;REPASSE FINANCEIRO CONFORME APURACAO EM 07.10.2020 - FAEC     - PARCELA E COMP. 05/2020;R$ 353.779,22
OUT;08/10/2020;155007;EMPRESA BRASILEIRA DE SERVICOS HOSPITALARES;OUTRAS DESPESAS CORRENTES;155007264432020PF007075;CREDITOS EXTRAORDINARIOS;100915002;REPASSE FINANCEIRO REFERENTE A OCC EBSERH CONFORME APURACAO EM 07.10.20.;R$ 191.752,28
OUT;08/10/2020;155007;EMPRESA BRASILEIRA DE SERVICOS HOSPITALARES;INVESTIMENTO;155007264432020PF007053;CREDITOS EXTRAORDINARIOS;100915002;REPASSE FINANCEIRO REFERENTE A OCC EBSERH CONFORME APURACAO EM 07.10.20.;R$ 454.646,58
OUT;14/10/2020;155007;EMPRESA BRASILEIRA DE SERVICOS HOSPITALARES;OUTRAS DESPESAS CORRENTES;155007264432020PF007119;CUSTEIO/INVESTIMENTO - RESUL.PRIM = 2;8100915002;REPASSE FINANCEIRO REFERENTE A OCC EBSERH CONFORME APURACAO EM 14.10.20.;R$ 1.545,00
OUT;14/10/2020;155007;EMPRESA BRASILEIRA DE SERVICOS HOSPITALARES;OUTRAS DESPESAS CORRENTES;155007264432020PF007163;CREDITOS EXTRAORDINARIOS;100915002;REPASSE FINANCEIRO REFERENTE A OCC EBSERH CONFORME APURACAO EM 14.10.20.;R$ 35.322,50
OUT;15/10/2020;155007;EMPRESA BRASILEIRA DE SERVICOS HOSPITALARES;OUTRAS DESPESAS CORRENTES;155007264432020PF007255;PAG.DE DESPESA OBRIGATORIA- RESUL.PRIM=1;6153000400;REPASSE FINANCEIRO CONFORME APURACAO EM 07.10.2020 - FAEC     - PARCELA E COMP. 06/2020;R$ 174.392,34
OUT;16/10/2020;257001;DIRETORIA EXECUTIVA DO FUNDO NAC. DE SAUDE;OUTRAS DESPESAS CORRENTES;257001000012020PF444400;EMENDAS RESULTADO EOF - 9;151042387;PAG. ESTRAT. 61869-PROGRAMA DE RESTRUTURACAO DOS HOSPITAIS UNIVERSITARIOS (REHUF) - COMP. OUT DE 2020 - PROC. 25000126745202081 - MA/EBSERH HU-UFMA - 155010-26443;R$ 2.009.288,78
OUT;16/10/2020;257001;DIRETORIA EXECUTIVA DO FUNDO NAC. DE SAUDE;OUTRAS DESPESAS CORRENTES;257001000012020PF444437;EMENDAS RESULTADO EOF - 9;151081984;PAG. ESTRAT. 61869-PROGRAMA DE RESTRUTURACAO DOS HOSPITAIS UNIVERSITARIOS (REHUF) - COMP. OUT DE 2020 - PROC. 25000112021202050 - MA/EBSERH HU-UFMA - 155010-26443;R$ 605.138,01
OUT;21/10/2020;155007;EMPRESA BRASILEIRA DE SERVICOS HOSPITALARES;OUTRAS DESPESAS CORRENTES;155007264432020PF007387;CREDITOS EXTRAORDINARIOS;100915002;REPASSE FINANCEIRO REFERENTE A OCC EBSERH CONFORME APURACAO EM 21.10.20.Ž;R$ 812.874,41
OUT;22/10/2020;155007;EMPRESA BRASILEIRA DE SERVICOS HOSPITALARES;OUTRAS DESPESAS CORRENTES;155007264432020PF007461;PAG.DE DESPESA OBRIGATORIA- RESUL.PRIM=1;6153000400;REPASSE FINANCEIRO CONFORME APURACAO EM 21.10.2020 - FAEC     - PARCELA E COMP. 06/2020;R$ 80.848,40
OUT;28/10/2020;155007;EMPRESA BRASILEIRA DE SERVICOS HOSPITALARES;OUTRAS DESPESAS CORRENTES;155007264432020PF007501;CUSTEIO/INVESTIMENTO - RESUL.PRIM = 2;8100915002;REPASSE FINANCEIRO REFERENTE A OCC EBSERH CONFORME APURACAO EM 28.10.20.;R$ 13.269,00
OUT;28/10/2020;155007;EMPRESA BRASILEIRA DE SERVICOS HOSPITALARES;OUTRAS DESPESAS CORRENTES;155007264432020PF007502;CREDITOS EXTRAORDINARIOS;100915002;REPASSE FINANCEIRO REFERENTE A OCC EBSERH CONFORME APURACAO EM 28.10.20.;R$ 210.375,00
OUT;28/10/2020;155007;EMPRESA BRASILEIRA DE SERVICOS HOSPITALARES;INVESTIMENTO;155007264432020PF007503;CREDITOS EXTRAORDINARIOS;100915002;REPASSE FINANCEIRO REFERENTE A OCC EBSERH CONFORME APURACAO EM 28.10.20.;R$ 21.442,00
OUT;29/10/2020;155007;EMPRESA BRASILEIRA DE SERVICOS HOSPITALARES;OUTRAS DESPESAS CORRENTES;155007264432020PF007654;PAG.DE DESPESA OBRIGATORIA- RESUL.PRIM=1;6153000400;REPASSE FINANCEIRO CONFORME APURACAO EM 28.10.2020 - FAEC     - PARCELA E COMP. 06/2020;R$ 51.213,06
OUT;29/10/2020;155007;EMPRESA BRASILEIRA DE SERVICOS HOSPITALARES;OUTRAS DESPESAS CORRENTES;155007264432020PF007655;PAG.DE DESPESA OBRIGATORIA- RESUL.PRIM=1;6153000400;REPASSE FINANCEIRO CONFORME APURACAO EM 28.10.2020 - FAEC     - PARCELA E COMP. 07/2020;R$ 170.382,79
NOV;03/11/2020;257001;DIRETORIA EXECUTIVA DO FUNDO NAC. DE SAUDE;OUTRAS DESPESAS CORRENTES;257001000012020PF444540;CUSTEIO/INVESTIMENTO - RESUL.PRIM = 2;151002788;PAG. ESTRAT. 61869-PROGRAMA DE RESTRUTURACAO DOS HOSPITAIS UNIVERSITARIOS (REHUF) - COMP. DEZ DE 2019 - PROC. 25000178188201940 - MA/EBSERH HU-UFMA - 155010-26443;R$ 503.224,65
NOV;03/11/2020;257001;DIRETORIA EXECUTIVA DO FUNDO NAC. DE SAUDE;OUTRAS DESPESAS CORRENTES;257001000012020PF444640;EMENDAS RESULTADO EOF - 9;151081984;PAG. ESTRAT. 61869-PROGRAMA DE RESTRUTURACAO DOS HOSPITAIS UNIVERSITARIOS (REHUF) - COMP. OUT DE 2020 - PROC. 25000112021202050 - MA/EBSERH HU-UFMA - 155010-26443;R$ 7.900,00
NOV;03/11/2020;257001;DIRETORIA EXECUTIVA DO FUNDO NAC. DE SAUDE;OUTRAS DESPESAS CORRENTES;257001000012020PF444660;EMENDAS RESULTADO EOF - 9;151042387;PAG. ESTRAT. 61869-PROGRAMA DE RESTRUTURACAO DOS HOSPITAIS UNIVERSITARIOS (REHUF) - COMP. OUT DE 2020 - PROC. 25000126745202081 - MA/EBSERH HU-UFMA - 155010-26443;R$ 1.922.640,10
NOV;04/11/2020;155007;EMPRESA BRASILEIRA DE SERVICOS HOSPITALARES;OUTRAS DESPESAS CORRENTES;155007264432020PF007706;CUSTEIO/INVESTIMENTO - RESUL.PRIM = 2;8250264430;REPASSE FINANCEIRO REFERENTE A OCC EBSERH CONFORME APURACAO EM 04.11.20.;R$ 8.788,98
NOV;04/11/2020;155007;EMPRESA BRASILEIRA DE SERVICOS HOSPITALARES;OUTRAS DESPESAS CORRENTES;155007264432020PF007721;CREDITOS EXTRAORDINARIOS;100915002;REPASSE FINANCEIRO REFERENTE A OCC EBSERH CONFORME APURACAO EM 04.11.20.;R$ 56.637,00
NOV;05/11/2020;155007;EMPRESA BRASILEIRA DE SERVICOS HOSPITALARES;OUTRAS DESPESAS CORRENTES;155007264432020PF007800;PAG.DE DESPESA OBRIGATORIA- RESUL.PRIM=1;6153000400;REPASSE FINANCEIRO CONFORME APURACAO EM 04.11.2020 - FAEC     - PARCELA E COMP. 07/2020;R$ 39.844,04
NOV;11/11/2020;155007;EMPRESA BRASILEIRA DE SERVICOS HOSPITALARES;OUTRAS DESPESAS CORRENTES;155007264432020PF007928;PAG.DE DESPESA OBRIGATORIA- RESUL.PRIM=1;6153000400;REPASSE FINANCEIRO CONFORME APURACAO EM 11.11.2020 - FAEC     - PARCELA E COMP. 07/2020;R$ 53.990,83
NOV;11/11/2020;155007;EMPRESA BRASILEIRA DE SERVICOS HOSPITALARES;OUTRAS DESPESAS CORRENTES;155007264432020PF007989;PAG.DE DESPESA OBRIGATORIA- RESUL.PRIM=1;6153000300;REPASSE FINANCEIRO CONFORME APURACAO EM 11.11.2020 - TETO MAC - PARCELA 11/2020 - COMP. 10/2020;R$ 496.611,42
NOV;11/11/2020;155007;EMPRESA BRASILEIRA DE SERVICOS HOSPITALARES;OUTRAS DESPESAS CORRENTES;155007264432020PF008004;PAG.DE DESPESA OBRIGATORIA- RESUL.PRIM=1;6153000300;REPASSE FINANCEIRO CONFORME APURACAO EM 11.11.2020 - TETO MAC - PARCELA 11/2020 - COMP. 10/2020;R$ 5.467.675,82
NOV;18/11/2020;155007;EMPRESA BRASILEIRA DE SERVICOS HOSPITALARES;OUTRAS DESPESAS CORRENTES;155007264432020PF008036;CREDITOS EXTRAORDINARIOS;100915002;REPASSE FINANCEIRO REFERENTE A OCC EBSERH CONFORME APURACAO EM 18.11.20.;R$ 112.500,00
NOV;18/11/2020;155007;EMPRESA BRASILEIRA DE SERVICOS HOSPITALARES;OUTRAS DESPESAS CORRENTES;155007264432020PF008128;PAG.DE DESPESA OBRIGATORIA- RESUL.PRIM=1;6153000300;REPASSE FINANCEIRO CONFORME APURACAO EM 18.11.2020 - TETO MAC - PARCELA 12/2020 - COMP. 11/2020;R$ 214.622,50
NOV;18/11/2020;155007;EMPRESA BRASILEIRA DE SERVICOS HOSPITALARES;OUTRAS DESPESAS CORRENTES;155007264432020PF008129;PAG.DE DESPESA OBRIGATORIA- RESUL.PRIM=1;6153000400;REPASSE FINANCEIRO CONFORME APURACAO EM 18.11.2020 - FAEC     - PARCELA E COMP. 07/2020;R$ 145.430,35
NOV;18/11/2020;155007;EMPRESA BRASILEIRA DE SERVICOS HOSPITALARES;INVESTIMENTO;155007264432020PF008037;CREDITOS EXTRAORDINARIOS;100915002;REPASSE FINANCEIRO REFERENTE A OCC EBSERH CONFORME APURACAO EM 18.11.20.;R$ 297.174,28
NOV;19/11/2020;257001;DIRETORIA EXECUTIVA DO FUNDO NAC. DE SAUDE;OUTRAS DESPESAS CORRENTES;257001000012020PF444743;EMENDAS RESULTADO EOF - 9;151042387;PAG. ESTRAT. 61869-PROGRAMA DE RESTRUTURACAO DOS HOSPITAIS UNIVERSITARIOS (REHUF) - COMP. NOV DE 2020 - PROC. 25000126745202081 - MA/EBSERH HU-UFMA - 155010-26443;R$ 460.219,40
NOV;19/11/2020;257001;DIRETORIA EXECUTIVA DO FUNDO NAC. DE SAUDE;OUTRAS DESPESAS CORRENTES;257001000012020PF444760;EMENDAS RESULTADO EOF - 9;144002826;PAG. ESTRAT. 61869-PROGRAMA DE RESTRUTURACAO DOS HOSPITAIS UNIVERSITARIOS (REHUF) - COMP. NOV DE 2020 - PROC. 25000146666202096 - MA/EBSERH HU-UFMA - 155010-26443;R$ 1.756.164,53
NOV;19/11/2020;257001;DIRETORIA EXECUTIVA DO FUNDO NAC. DE SAUDE;OUTRAS DESPESAS CORRENTES;257001000012020PF444775;EMENDAS RESULTADO EOF - 9;151081984;PAG. ESTRAT. 61869-PROGRAMA DE RESTRUTURACAO DOS HOSPITAIS UNIVERSITARIOS (REHUF) - COMP. NOV DE 2020 - PROC. 25000112021202050 - MA/EBSERH HU-UFMA - 155010-26443;R$ 1.100,00
NOV;23/11/2020;154041;FUNDACAO UNIVERSIDADE DO MARANHAO;INVESTIMENTO;154041152582020PF000359;CUSTEIO/INVESTIMENTO - RESUL.PRIM = 2;112000000;TRANSFERENCIA DE FINANCEIRO  P/ ATENDER A DESPESAS COM O MATERNO INFANTIL/H.U, REF. AQUISICAO E INSTALACAO DE 2 ELEVADORES E 1 MONTA-CARGA, CONF. 2015NE804871-34(HUUFMA) CONFORME SOLIC. DORF/PPGT.;R$ 456.199,18
NOV;25/11/2020;155007;EMPRESA BRASILEIRA DE SERVICOS HOSPITALARES;OUTRAS DESPESAS CORRENTES;155007264432020PF008264;CUSTEIO/INVESTIMENTO - RESUL.PRIM = 2;8100915002;REPASSE FINANCEIRO REFERENTE A OCC EBSERH CONFORME APURACAO EM 25.11.20.;R$ 19.640,50
NOV;25/11/2020;155007;EMPRESA BRASILEIRA DE SERVICOS HOSPITALARES;OUTRAS DESPESAS CORRENTES;155007264432020PF008265;CUSTEIO/INVESTIMENTO - RESUL.PRIM = 2;8144000000;REPASSE FINANCEIRO REFERENTE A OCC EBSERH CONFORME APURACAO EM 25.11.20.;R$ 512.198,47
NOV;25/11/2020;155007;EMPRESA BRASILEIRA DE SERVICOS HOSPITALARES;INVESTIMENTO;155007264432020PF008322;CREDITOS EXTRAORDINARIOS;100915002;REPASSE FINANCEIRO REFERENTE A OCC EBSERH CONFORME APURACAO EM 25.11.20.;R$ 178.076,08
NOV;26/11/2020;155007;EMPRESA BRASILEIRA DE SERVICOS HOSPITALARES;OUTRAS DESPESAS CORRENTES;155007264432020PF008415;PAG.DE DESPESA OBRIGATORIA- RESUL.PRIM=1;6153000400;REPASSE FINANCEIRO CONFORME APURACAO EM 25.11.2020 - FAEC     - PARCELA E COMP. 07/2020;R$ 74.760,72
;;;;;;;;;
Obs: A planilha não contempla o recurso financeiro destinado para despesas com Folha de Pagamento.;;;;;;;;;
Fonte: Tesouro Gerencial;;;;;;;;;
